,asset,time,AdrActCnt,HashRate,ReferenceRateUSD,TxCnt
0,eth,2019-06-22T00:00:00.000000000Z,379012,149.130383228466,294.852892752776,758133
1,eth,2019-06-23T00:00:00.000000000Z,339193,150.273551506771,308.009769725307,773499
2,eth,2019-06-24T00:00:00.000000000Z,363545,154.589745859032,306.55350742256,809637
3,eth,2019-06-25T00:00:00.000000000Z,350197,155.520275310546,309.798750263004,932194
4,eth,2019-06-26T00:00:00.000000000Z,388619,162.116659931632,316.171920046756,848601
5,eth,2019-06-27T00:00:00.000000000Z,357014,160.236239786281,334.035053477499,814118
6,eth,2019-06-28T00:00:00.000000000Z,325663,157.521350235405,293.215036236119,1004170
7,eth,2019-06-29T00:00:00.000000000Z,310251,163.092462248708,309.446182933957,733337
8,eth,2019-06-30T00:00:00.000000000Z,275123,162.672572488896,318.529788135593,685958
9,eth,2019-07-01T00:00:00.000000000Z,309889,161.21406525152,291.660696317943,951985
10,eth,2019-07-02T00:00:00.000000000Z,382288,162.861678509714,293.862392752776,895054
11,eth,2019-07-03T00:00:00.000000000Z,370570,158.270321139686,290.571834307423,753227
12,eth,2019-07-04T00:00:00.000000000Z,360399,157.161883964355,302.057210403273,747514
13,eth,2019-07-05T00:00:00.000000000Z,319406,157.772852334922,283.489202805377,849080
14,eth,2019-07-06T00:00:00.000000000Z,318241,162.142175615644,287.858582992402,754040
15,eth,2019-07-07T00:00:00.000000000Z,309297,161.327529962605,287.274129982466,582067
16,eth,2019-07-08T00:00:00.000000000Z,335258,158.650774594595,306.198590590298,809796
17,eth,2019-07-09T00:00:00.000000000Z,351558,163.114360617135,313.326290473407,771955
18,eth,2019-07-10T00:00:00.000000000Z,347412,162.83479044415483,308.343054061952,736096
19,eth,2019-07-11T00:00:00.000000000Z,313587,166.6358668388077,288.731157802455,975288
20,eth,2019-07-12T00:00:00.000000000Z,343689,166.4999562137437,267.536604617183,726392
21,eth,2019-07-13T00:00:00.000000000Z,287614,166.77088577175707,275.872600233781,587283
22,eth,2019-07-14T00:00:00.000000000Z,297781,170.69340699100943,268.688629339568,613490
23,eth,2019-07-15T00:00:00.000000000Z,360602,167.44632002814143,230.335976329632,743294
24,eth,2019-07-16T00:00:00.000000000Z,268611,160.86743376659263,230.578357977791,1003278
25,eth,2019-07-17T00:00:00.000000000Z,312639,165.87332595996602,199.001611046172,830029
26,eth,2019-07-18T00:00:00.000000000Z,308987,168.2793380989905,210.931314728229,667874
27,eth,2019-07-19T00:00:00.000000000Z,296342,162.10610073970332,227.241794272355,815548
28,eth,2019-07-20T00:00:00.000000000Z,293720,167.1237312025177,221.03139333723,584085
29,eth,2019-07-21T00:00:00.000000000Z,284257,163.07321543983304,230.67205371128,522416
30,eth,2019-07-22T00:00:00.000000000Z,332359,162.25887059805845,225.672067124489,640666
31,eth,2019-07-23T00:00:00.000000000Z,295644,164.76405546768365,217.013625365284,606795
32,eth,2019-07-24T00:00:00.000000000Z,268921,164.83234776510352,212.361456750438,907213
33,eth,2019-07-25T00:00:00.000000000Z,271079,162.5276633839506,216.848442548217,949864
34,eth,2019-07-26T00:00:00.000000000Z,314692,162.84476354226229,219.638668264173,640260
35,eth,2019-07-27T00:00:00.000000000Z,279933,168.26202766560644,219.365355873758,577697
36,eth,2019-07-28T00:00:00.000000000Z,292897,166.49369533647112,206.645765049679,572697
37,eth,2019-07-29T00:00:00.000000000Z,304681,164.53560659047133,210.927540561075,676990
38,eth,2019-07-30T00:00:00.000000000Z,331809,169.03935272074088,210.840748977206,715782
39,eth,2019-07-31T00:00:00.000000000Z,294035,164.17925543598005,210.029560841613,684284
40,eth,2019-08-01T00:00:00.000000000Z,269308,160.56604481263196,218.08824050263,877643
41,eth,2019-08-02T00:00:00.000000000Z,299037,164.80715695995073,217.353194915254,768312
42,eth,2019-08-03T00:00:00.000000000Z,259678,167.13433988266948,217.667191992987,783492
43,eth,2019-08-04T00:00:00.000000000Z,301295,169.60831576432466,221.83531648159,569134
44,eth,2019-08-05T00:00:00.000000000Z,335179,171.36441610548752,222.788521917008,718438
45,eth,2019-08-06T00:00:00.000000000Z,346542,171.72962191739475,232.299908825248,732052
46,eth,2019-08-07T00:00:00.000000000Z,310904,172.8627543850209,225.729268264173,742477
47,eth,2019-08-08T00:00:00.000000000Z,306119,171.02529827826734,226.042916773817,692736
48,eth,2019-08-09T00:00:00.000000000Z,326034,170.13819418622748,220.550041320865,721762
49,eth,2019-08-10T00:00:00.000000000Z,315155,174.54863637703073,209.817827878434,630929
50,eth,2019-08-11T00:00:00.000000000Z,293410,170.91582000397162,206.324379310345,582507
51,eth,2019-08-12T00:00:00.000000000Z,349597,173.31842911483193,215.789734658095,712949
52,eth,2019-08-13T00:00:00.000000000Z,322202,172.7624798531813,210.972497662186,698671
53,eth,2019-08-14T00:00:00.000000000Z,321012,171.06334145662103,208.597628345996,736647
54,eth,2019-08-15T00:00:00.000000000Z,304059,172.04874551214462,186.381814143776,689076
55,eth,2019-08-16T00:00:00.000000000Z,325186,170.63589487026016,188.016636469901,718875
56,eth,2019-08-17T00:00:00.000000000Z,290153,175.76440003227327,185.577936879018,641106
57,eth,2019-08-18T00:00:00.000000000Z,283406,168.95578913597734,185.547666510812,627260
58,eth,2019-08-19T00:00:00.000000000Z,295257,168.312053254052,194.706162068966,724461
59,eth,2019-08-20T00:00:00.000000000Z,304960,167.1192147977165,202.767035067212,733520
60,eth,2019-08-21T00:00:00.000000000Z,316421,166.42852694597187,196.717822033898,731500
61,eth,2019-08-22T00:00:00.000000000Z,305383,161.5114953190012,186.497284628872,737144
62,eth,2019-08-23T00:00:00.000000000Z,312715,165.63467415432228,191.596093220339,733282
63,eth,2019-08-24T00:00:00.000000000Z,297544,162.96434225246546,194.624304792519,684235
64,eth,2019-08-25T00:00:00.000000000Z,295058,164.71479451546784,191.114351256575,677260
65,eth,2019-08-26T00:00:00.000000000Z,309070,165.53189553084428,186.324488895383,750845
66,eth,2019-08-27T00:00:00.000000000Z,308164,159.98204822554385,188.569805376973,748158
67,eth,2019-08-28T00:00:00.000000000Z,303065,161.83040890498359,186.883293103448,722262
68,eth,2019-08-29T00:00:00.000000000Z,308537,167.63377241667342,173.17579748685,724189
69,eth,2019-08-30T00:00:00.000000000Z,288572,168.19039423746,168.735882349503,713194
70,eth,2019-08-31T00:00:00.000000000Z,282011,166.55237463422387,168.372436002338,679773
71,eth,2019-09-01T00:00:00.000000000Z,275912,165.0965384406521,172.177609877265,690235
72,eth,2019-09-02T00:00:00.000000000Z,319698,167.03306137652953,171.211480479252,757539
73,eth,2019-09-03T00:00:00.000000000Z,303296,168.47228304959316,178.580194623027,751224
74,eth,2019-09-04T00:00:00.000000000Z,296005,164.78246885379,179.233673874927,714432
75,eth,2019-09-05T00:00:00.000000000Z,326386,166.96480094651463,174.729775277615,769872
76,eth,2019-09-06T00:00:00.000000000Z,320381,160.82204436082154,174.54153974284,768500
77,eth,2019-09-07T00:00:00.000000000Z,284448,169.47477581575333,169.23070338983,677445
78,eth,2019-09-08T00:00:00.000000000Z,279927,169.28079116279025,178.287494389246,675137
79,eth,2019-09-09T00:00:00.000000000Z,316921,167.07217687464907,181.604640268849,756508
80,eth,2019-09-10T00:00:00.000000000Z,296904,167.16750521382087,181.388241671537,691617
81,eth,2019-09-11T00:00:00.000000000Z,295327,168.5447100864966,179.595805669199,705292
82,eth,2019-09-12T00:00:00.000000000Z,301354,173.43217277770944,178.058855639977,723726
83,eth,2019-09-13T00:00:00.000000000Z,270785,169.52208273232043,180.84650818235,623470
84,eth,2019-09-14T00:00:00.000000000Z,271533,172.93558054935787,181.51325949737,628467
85,eth,2019-09-15T00:00:00.000000000Z,277976,171.33279122954124,188.595950496786,633961
86,eth,2019-09-16T00:00:00.000000000Z,307380,176.31644199637975,189.443608416131,733010
87,eth,2019-09-17T00:00:00.000000000Z,297547,180.2632847186094,197.430535651666,681814
88,eth,2019-09-18T00:00:00.000000000Z,305563,183.64866626124427,209.287582700175,708743
89,eth,2019-09-19T00:00:00.000000000Z,295149,177.6732129149794,210.7212235827,692484
90,eth,2019-09-20T00:00:00.000000000Z,309840,181.18155164104277,221.562201052016,717128
91,eth,2019-09-21T00:00:00.000000000Z,242789,185.52807729890293,217.195570134424,596973
92,eth,2019-09-22T00:00:00.000000000Z,239625,181.3082720504473,215.50002980713,576563
93,eth,2019-09-23T00:00:00.000000000Z,251471,186.00315748531054,211.051801870251,639394
94,eth,2019-09-24T00:00:00.000000000Z,296761,178.41514511006642,201.226725014611,709522
95,eth,2019-09-25T00:00:00.000000000Z,278971,182.67844528584837,168.43832817066,677675
96,eth,2019-09-26T00:00:00.000000000Z,265068,185.58269755430385,169.84662478083,657676
97,eth,2019-09-27T00:00:00.000000000Z,268165,182.15096344351997,166.334617884278,623632
98,eth,2019-09-28T00:00:00.000000000Z,248610,184.52128304323512,174.083654120397,607857
99,eth,2019-09-29T00:00:00.000000000Z,231663,182.12904268202414,173.798880362361,591986
100,eth,2019-09-30T00:00:00.000000000Z,285523,181.9040634807857,169.853334891876,683924
101,eth,2019-10-01T00:00:00.000000000Z,339783,182.189877855627,179.508727936879,645073
102,eth,2019-10-02T00:00:00.000000000Z,327680,176.9464573054447,176.635159555815,627137
103,eth,2019-10-03T00:00:00.000000000Z,288751,175.8438865810398,180.731424605494,615189
104,eth,2019-10-04T00:00:00.000000000Z,268748,177.84794312297475,175.467113267095,590197
105,eth,2019-10-05T00:00:00.000000000Z,272795,177.99855571587625,176.204069316189,595118
106,eth,2019-10-06T00:00:00.000000000Z,343035,178.69625037226953,176.184813267095,571769
107,eth,2019-10-07T00:00:00.000000000Z,284288,176.75573252345484,169.854954237288,629382
108,eth,2019-10-08T00:00:00.000000000Z,306302,175.63644354274152,181.001570426651,710373
109,eth,2019-10-09T00:00:00.000000000Z,318125,174.491670754097,180.668669783752,751354
110,eth,2019-10-10T00:00:00.000000000Z,326182,177.63540380921293,194.229131502046,706127
111,eth,2019-10-11T00:00:00.000000000Z,315705,182.0325848479233,191.574099707773,702673
112,eth,2019-10-12T00:00:00.000000000Z,279716,176.4240547810929,180.902172472238,634450
113,eth,2019-10-13T00:00:00.000000000Z,250851,181.5851280000852,180.319804997078,566845
114,eth,2019-10-14T00:00:00.000000000Z,300285,178.27747817309353,181.47459760374,650601
115,eth,2019-10-15T00:00:00.000000000Z,302212,187.31907570381,186.520615137347,690703
116,eth,2019-10-16T00:00:00.000000000Z,291507,182.80137378686632,180.282949853887,694589
117,eth,2019-10-17T00:00:00.000000000Z,285894,181.3079908454094,174.995676329632,703704
118,eth,2019-10-18T00:00:00.000000000Z,310446,176.34098041489347,177.070229865576,733646
119,eth,2019-10-19T00:00:00.000000000Z,276993,182.6990936248828,173.130578725891,665170
120,eth,2019-10-20T00:00:00.000000000Z,248121,182.87696176647415,171.613132729398,612341
121,eth,2019-10-21T00:00:00.000000000Z,271474,176.1821350983764,175.187846580947,678528
122,eth,2019-10-22T00:00:00.000000000Z,274766,177.53867942729462,174.198366861485,726230
123,eth,2019-10-23T00:00:00.000000000Z,275838,183.4755460702256,171.261682057276,736388
124,eth,2019-10-24T00:00:00.000000000Z,272369,178.22876481069636,161.323558386908,724917
125,eth,2019-10-25T00:00:00.000000000Z,290755,171.87286430025065,161.024464640561,741655
126,eth,2019-10-26T00:00:00.000000000Z,303660,176.68605534329856,181.161944476914,716822
127,eth,2019-10-27T00:00:00.000000000Z,256776,172.70175663628805,179.720602337814,642955
128,eth,2019-10-28T00:00:00.000000000Z,290065,173.88481571675493,184.572484570427,721335
129,eth,2019-10-29T00:00:00.000000000Z,283366,174.4872025849366,182.81422063121,707622
130,eth,2019-10-30T00:00:00.000000000Z,278695,177.03599819884127,190.830495441262,717618
131,eth,2019-10-31T00:00:00.000000000Z,288701,177.46571932968726,183.277003798948,744118
132,eth,2019-11-01T00:00:00.000000000Z,287405,179.15382716745808,182.430567212157,705019
133,eth,2019-11-02T00:00:00.000000000Z,243269,175.82751628698153,183.362267679719,590976
134,eth,2019-11-03T00:00:00.000000000Z,230486,176.12770065236583,182.998768848627,571113
135,eth,2019-11-04T00:00:00.000000000Z,262207,172.46696879427716,181.907013734658,670783
136,eth,2019-11-05T00:00:00.000000000Z,302907,174.54750333982747,186.034432787843,739254
137,eth,2019-11-06T00:00:00.000000000Z,289661,176.8450850229923,189.217251373466,707733
138,eth,2019-11-07T00:00:00.000000000Z,375764,176.21561529886964,191.556660666277,857371
139,eth,2019-11-08T00:00:00.000000000Z,275241,174.8323845556299,186.770622443016,699138
140,eth,2019-11-09T00:00:00.000000000Z,230831,175.4194698538426,184.038223085915,604007
141,eth,2019-11-10T00:00:00.000000000Z,257611,175.2737895868846,184.962579777908,609364
142,eth,2019-11-11T00:00:00.000000000Z,284231,172.66129378717278,189.045104675628,710155
143,eth,2019-11-12T00:00:00.000000000Z,285556,175.34006155591896,184.418845295149,708660
144,eth,2019-11-13T00:00:00.000000000Z,278616,178.55084957685256,186.5779264173,713551
145,eth,2019-11-14T00:00:00.000000000Z,271266,175.74195161442452,188.033356107539,679505
146,eth,2019-11-15T00:00:00.000000000Z,257911,173.45283466001302,184.766463763881,683049
147,eth,2019-11-16T00:00:00.000000000Z,233167,170.82948270254772,179.989789070719,596661
148,eth,2019-11-17T00:00:00.000000000Z,242722,174.62014341555502,182.287117182934,600168
149,eth,2019-11-18T00:00:00.000000000Z,269423,175.44724952266634,183.829805961426,734472
150,eth,2019-11-19T00:00:00.000000000Z,283555,164.50490373539955,178.062372004676,735532
151,eth,2019-11-20T00:00:00.000000000Z,269725,163.38885417821024,175.435199883109,689771
152,eth,2019-11-21T00:00:00.000000000Z,306522,172.54675628578184,174.409720338983,762896
153,eth,2019-11-22T00:00:00.000000000Z,341671,168.11266066993102,160.728296902396,794748
154,eth,2019-11-23T00:00:00.000000000Z,281447,171.00072878174544,149.776162478083,631670
155,eth,2019-11-24T00:00:00.000000000Z,247215,170.56375993097367,152.327056282876,596880
156,eth,2019-11-25T00:00:00.000000000Z,326634,172.92065517796624,141.576619520748,762888
157,eth,2019-11-26T00:00:00.000000000Z,264714,160.83974627746116,146.562241846873,679733
158,eth,2019-11-27T00:00:00.000000000Z,252198,165.16303497093202,147.942878550555,674957
159,eth,2019-11-28T00:00:00.000000000Z,260028,165.31598679106617,153.24832226768,623080
160,eth,2019-11-29T00:00:00.000000000Z,280233,165.18131661524066,151.010392460549,670568
161,eth,2019-11-30T00:00:00.000000000Z,255240,167.18021829241206,154.256289012274,584871
162,eth,2019-12-01T00:00:00.000000000Z,244768,164.3180727801401,152.016210111046,615069
163,eth,2019-12-02T00:00:00.000000000Z,283061,166.57591098872697,151.380223378141,681210
164,eth,2019-12-03T00:00:00.000000000Z,250073,168.81058301723178,149.052715663355,610528
165,eth,2019-12-04T00:00:00.000000000Z,253029,165.07615810982583,147.465369140853,661004
166,eth,2019-12-05T00:00:00.000000000Z,288568,163.45506998203103,145.69724465225,617647
167,eth,2019-12-06T00:00:00.000000000Z,239911,161.7227545068108,148.022399883109,573666
168,eth,2019-12-07T00:00:00.000000000Z,207488,167.50514531348585,148.700186732905,488124
169,eth,2019-12-08T00:00:00.000000000Z,200052,161.92880058963874,147.515199298656,440672
170,eth,2019-12-09T00:00:00.000000000Z,269250,163.2980379217672,150.838420806546,635462
171,eth,2019-12-10T00:00:00.000000000Z,249591,169.49263310734375,147.375495149036,631603
172,eth,2019-12-11T00:00:00.000000000Z,250575,163.03664990923713,145.696360140269,625349
173,eth,2019-12-12T00:00:00.000000000Z,325420,165.62136772139758,143.130404734074,635638
174,eth,2019-12-13T00:00:00.000000000Z,346490,166.09351092953258,144.734203682057,621511
175,eth,2019-12-14T00:00:00.000000000Z,320605,169.16961095357274,144.599715078901,551143
176,eth,2019-12-15T00:00:00.000000000Z,327301,166.4915515098443,141.842442840444,526996
177,eth,2019-12-16T00:00:00.000000000Z,308325,165.1287596131141,142.304544126242,634682
178,eth,2019-12-17T00:00:00.000000000Z,285240,157.39241736521623,132.379981122151,646999
179,eth,2019-12-18T00:00:00.000000000Z,294956,150.12457003644553,121.505916423144,663295
180,eth,2019-12-19T00:00:00.000000000Z,277875,150.58639864257455,132.883688018703,620140
181,eth,2019-12-20T00:00:00.000000000Z,302200,145.99349523042252,127.844947691409,614338
182,eth,2019-12-21T00:00:00.000000000Z,358805,150.06528137146293,128.217562828755,545378
183,eth,2019-12-22T00:00:00.000000000Z,298388,147.60315023361719,127.097141145529,529935
184,eth,2019-12-23T00:00:00.000000000Z,295909,148.39763233902755,132.060468731736,631635
185,eth,2019-12-24T00:00:00.000000000Z,307989,148.84693122936034,127.814310578609,602814
186,eth,2019-12-25T00:00:00.000000000Z,314833,144.68061142205326,127.656445938048,565093
187,eth,2019-12-26T00:00:00.000000000Z,298790,143.87591335516825,124.881023085915,586645
188,eth,2019-12-27T00:00:00.000000000Z,259478,144.91180321696706,125.308429865576,580029
189,eth,2019-12-28T00:00:00.000000000Z,243589,148.4369601237597,126.181629456458,516438
190,eth,2019-12-29T00:00:00.000000000Z,270245,149.2608370314262,128.037601694915,480131
191,eth,2019-12-30T00:00:00.000000000Z,261226,147.9951428210848,134.639243717125,584426
192,eth,2019-12-31T00:00:00.000000000Z,232196,145.7970082440359,131.287466744594,554215
193,eth,2020-01-01T00:00:00.000000000Z,231794,141.54757568971382,128.511079777908,466526
194,eth,2020-01-02T00:00:00.000000000Z,220624,146.05796014602325,129.963875336061,505639
195,eth,2020-01-03T00:00:00.000000000Z,255934,149.69087019658033,126.730876972531,581641
196,eth,2020-01-04T00:00:00.000000000Z,240546,157.9610363492778,133.800767095266,559074
197,eth,2020-01-05T00:00:00.000000000Z,229160,153.30855471285054,134.050349210988,524664
198,eth,2020-01-06T00:00:00.000000000Z,274755,154.87743634557387,134.982177089421,626525
199,eth,2020-01-07T00:00:00.000000000Z,276248,159.31358170418864,143.988824079486,646478
200,eth,2020-01-08T00:00:00.000000000Z,283219,155.2402139246162,143.248955698422,653831
201,eth,2020-01-09T00:00:00.000000000Z,282797,152.31236173003865,140.872484044418,621399
202,eth,2020-01-10T00:00:00.000000000Z,329508,157.52956031297418,137.473664114553,605095
203,eth,2020-01-11T00:00:00.000000000Z,281332,158.40100705747338,143.789400935126,549612
204,eth,2020-01-12T00:00:00.000000000Z,231191,156.42362679508912,142.846074284044,523951
205,eth,2020-01-13T00:00:00.000000000Z,260729,157.447702793516,145.447126008182,565389
206,eth,2020-01-14T00:00:00.000000000Z,311555,156.582988352002,143.910222209234,671748
207,eth,2020-01-15T00:00:00.000000000Z,321562,159.1159052152327,166.047976914085,698399
208,eth,2020-01-16T00:00:00.000000000Z,305974,157.5992804774922,165.85377936879,693649
209,eth,2020-01-17T00:00:00.000000000Z,295218,157.74035363245284,164.052933255406,676556
210,eth,2020-01-18T00:00:00.000000000Z,290720,156.43809071809096,171.034402337814,628211
211,eth,2020-01-19T00:00:00.000000000Z,269233,157.28871237367161,175.074978375219,615368
212,eth,2020-01-20T00:00:00.000000000Z,258251,158.2207955906207,166.791822443016,599266
213,eth,2020-01-21T00:00:00.000000000Z,287729,159.4924073140975,166.927411046172,558962
214,eth,2020-01-22T00:00:00.000000000Z,272179,156.7552004443951,169.171668731736,513767
215,eth,2020-01-23T00:00:00.000000000Z,257578,157.99096928610334,167.545226271186,552533
216,eth,2020-01-24T00:00:00.000000000Z,209705,160.38907687006275,162.156525599065,497135
217,eth,2020-01-25T00:00:00.000000000Z,208598,157.3150687192368,162.247590707189,435515
218,eth,2020-01-26T00:00:00.000000000Z,195000,155.80698701104205,160.521455172414,428839
219,eth,2020-01-27T00:00:00.000000000Z,238758,157.4945422444814,167.159112974868,476541
220,eth,2020-01-28T00:00:00.000000000Z,231471,154.80166928500947,169.934313676213,526284
221,eth,2020-01-29T00:00:00.000000000Z,231564,157.97439202247386,175.276188486265,551529
222,eth,2020-01-30T00:00:00.000000000Z,244211,153.6702134927775,174.676776680304,566052
223,eth,2020-01-31T00:00:00.000000000Z,239398,154.6122153327196,184.256748977206,583358
224,eth,2020-02-01T00:00:00.000000000Z,236095,153.69044041553568,180.163670368206,545761
225,eth,2020-02-02T00:00:00.000000000Z,235359,158.3157819121807,183.562507656341,530094
226,eth,2020-02-03T00:00:00.000000000Z,277543,157.2978383586132,188.398108533022,621191
227,eth,2020-02-04T00:00:00.000000000Z,234304,159.84979633263342,189.341644067797,524476
228,eth,2020-02-05T00:00:00.000000000Z,274536,156.90649445998855,188.276665984804,610780
229,eth,2020-02-06T00:00:00.000000000Z,287091,157.98526889680335,205.125087901812,606505
230,eth,2020-02-07T00:00:00.000000000Z,285999,157.460556155791,212.849642723553,626252
231,eth,2020-02-08T00:00:00.000000000Z,348397,160.35408896528293,222.863079719462,661649
232,eth,2020-02-09T00:00:00.000000000Z,305845,158.84769109278722,223.973379602572,628631
233,eth,2020-02-10T00:00:00.000000000Z,318635,161.43203132644453,228.467053126826,668760
234,eth,2020-02-11T00:00:00.000000000Z,319771,162.20532006881243,224.139831618936,709280
235,eth,2020-02-12T00:00:00.000000000Z,394534,161.94994461618063,237.649539333723,798162
236,eth,2020-02-13T00:00:00.000000000Z,374630,164.76991496588244,266.649455289304,764763
237,eth,2020-02-14T00:00:00.000000000Z,323942,165.42616734669738,267.940001870251,771827
238,eth,2020-02-15T00:00:00.000000000Z,343999,166.00286597496319,284.830649094097,699151
239,eth,2020-02-16T00:00:00.000000000Z,337792,168.13721154382569,265.033846464056,661490
240,eth,2020-02-17T00:00:00.000000000Z,333123,166.68157032421462,261.128690531853,695366
241,eth,2020-02-18T00:00:00.000000000Z,344572,168.1752329590615,266.608233372297,733983
242,eth,2020-02-19T00:00:00.000000000Z,333141,175.63230500463996,283.564988310929,695837
243,eth,2020-02-20T00:00:00.000000000Z,317504,170.24433858268293,261.077341028638,689600
244,eth,2020-02-21T00:00:00.000000000Z,323587,167.68748866792654,258.631871011105,670542
245,eth,2020-02-22T00:00:00.000000000Z,314925,172.1634099485578,265.90940414962,605859
246,eth,2020-02-23T00:00:00.000000000Z,311622,171.31336597147663,261.763375803624,606290
247,eth,2020-02-24T00:00:00.000000000Z,320273,173.56183483961445,274.979647574518,687702
248,eth,2020-02-25T00:00:00.000000000Z,308551,168.2597630691627,264.367167504383,670257
249,eth,2020-02-26T00:00:00.000000000Z,368983,170.28017412028228,248.53713220339,704929
250,eth,2020-02-27T00:00:00.000000000Z,367385,176.50640540557927,225.706557159556,714482
251,eth,2020-02-28T00:00:00.000000000Z,387502,172.093413609671,226.398922033898,688694
252,eth,2020-02-29T00:00:00.000000000Z,294354,173.32477246353355,228.673918468732,620465
253,eth,2020-03-01T00:00:00.000000000Z,321679,171.13816212385242,220.10229421391,628500
254,eth,2020-03-02T00:00:00.000000000Z,332395,169.59906568276568,218.6236685564,681477
255,eth,2020-03-03T00:00:00.000000000Z,335468,170.05004265423003,231.194931618936,661419
256,eth,2020-03-04T00:00:00.000000000Z,313708,172.70513576916562,224.283570017534,663966
257,eth,2020-03-05T00:00:00.000000000Z,321218,171.6367886783265,224.156026826417,720114
258,eth,2020-03-06T00:00:00.000000000Z,332267,169.13003765068643,227.813605844535,676799
259,eth,2020-03-07T00:00:00.000000000Z,290494,172.06816935862778,244.330236002338,630992
260,eth,2020-03-08T00:00:00.000000000Z,327289,176.1155892750303,238.059852600818,662565
261,eth,2020-03-09T00:00:00.000000000Z,383558,171.48032265236617,202.765954997078,784085
262,eth,2020-03-10T00:00:00.000000000Z,326753,172.0520204290615,200.151101052016,760588
263,eth,2020-03-11T00:00:00.000000000Z,348656,169.89398818751928,200.851090531853,713065
264,eth,2020-03-12T00:00:00.000000000Z,408928,170.48008235552422,194.236009351257,760781
265,eth,2020-03-13T00:00:00.000000000Z,400311,165.53255404611934,110.32820163647,847947
266,eth,2020-03-14T00:00:00.000000000Z,460743,163.47625702963308,134.759985680888,681830
267,eth,2020-03-15T00:00:00.000000000Z,438224,164.5772103023589,122.078151256575,657653
268,eth,2020-03-16T00:00:00.000000000Z,473741,165.48030105122774,123.754734073641,784094
269,eth,2020-03-17T00:00:00.000000000Z,445445,160.75664837236855,110.34905873758,763100
270,eth,2020-03-18T00:00:00.000000000Z,434714,164.88765228552984,117.783463763881,768437
271,eth,2020-03-19T00:00:00.000000000Z,465615,164.39085744197558,117.683343658679,864017
272,eth,2020-03-20T00:00:00.000000000Z,497777,163.15327856269755,137.357502980713,822158
273,eth,2020-03-21T00:00:00.000000000Z,537404,166.23450061295492,131.532323261251,857503
274,eth,2020-03-22T00:00:00.000000000Z,379207,157.48099568306313,132.511633430742,746195
275,eth,2020-03-23T00:00:00.000000000Z,426308,161.2481697371689,122.442055523086,801238
276,eth,2020-03-24T00:00:00.000000000Z,387996,164.04453249735926,135.589770601987,791900
277,eth,2020-03-25T00:00:00.000000000Z,380672,161.71389410180018,139.414792226768,765389
278,eth,2020-03-26T00:00:00.000000000Z,411661,166.27638407027413,136.095511981297,772649
279,eth,2020-03-27T00:00:00.000000000Z,394055,167.04492031821627,138.608215488019,748776
280,eth,2020-03-28T00:00:00.000000000Z,376618,166.58463038633795,133.681614728229,667726
281,eth,2020-03-29T00:00:00.000000000Z,318335,170.2214634607162,131.027766510812,607984
282,eth,2020-03-30T00:00:00.000000000Z,344397,168.76158536370167,125.178745470485,724004
283,eth,2020-03-31T00:00:00.000000000Z,353932,164.32746885195982,132.902320514319,731749
284,eth,2020-04-01T00:00:00.000000000Z,333042,166.00973225640138,133.508133372297,683007
285,eth,2020-04-02T00:00:00.000000000Z,340841,169.7702049281576,135.85480654588,720554
286,eth,2020-04-03T00:00:00.000000000Z,327371,168.1404471238931,141.151746639392,722688
287,eth,2020-04-04T00:00:00.000000000Z,325061,164.59233824805875,141.727211279953,625952
288,eth,2020-04-05T00:00:00.000000000Z,309777,166.77360131267574,144.336282700175,614001
289,eth,2020-04-06T00:00:00.000000000Z,388788,159.70053326598656,142.972632963179,771300
290,eth,2020-04-07T00:00:00.000000000Z,365713,165.1244993256742,169.609724313267,783472
291,eth,2020-04-08T00:00:00.000000000Z,419382,165.99258876385883,164.21725949737,830223
292,eth,2020-04-09T00:00:00.000000000Z,383729,166.115435198358,173.294784336645,727502
293,eth,2020-04-10T00:00:00.000000000Z,376454,169.49335906675142,170.28360490941,745643
294,eth,2020-04-11T00:00:00.000000000Z,387711,163.16418533455692,157.550598188194,680523
295,eth,2020-04-12T00:00:00.000000000Z,365811,170.19044930307948,158.431649327878,678530
296,eth,2020-04-13T00:00:00.000000000Z,380405,166.90103853794824,160.649303331385,744306
297,eth,2020-04-14T00:00:00.000000000Z,384946,170.41654679638467,157.198628579778,813972
298,eth,2020-04-15T00:00:00.000000000Z,366353,168.9600660291767,159.006158445354,792152
299,eth,2020-04-16T00:00:00.000000000Z,368015,169.98947328016567,152.951140736411,790334
300,eth,2020-04-17T00:00:00.000000000Z,384794,167.29566642320484,172.970440327294,785639
301,eth,2020-04-18T00:00:00.000000000Z,408020,168.25479882417233,172.23222063121,783111
302,eth,2020-04-19T00:00:00.000000000Z,377254,164.70244473035925,188.109414903565,741675
303,eth,2020-04-20T00:00:00.000000000Z,386452,164.2798529462281,181.230814377557,828885
304,eth,2020-04-21T00:00:00.000000000Z,371823,166.29272497860265,171.013763296318,812963
305,eth,2020-04-22T00:00:00.000000000Z,369457,165.43460058476592,171.489232904734,790519
306,eth,2020-04-23T00:00:00.000000000Z,412555,169.00267814154037,182.581804178843,826397
307,eth,2020-04-24T00:00:00.000000000Z,391035,167.06168423402858,185.6463264173,846807
308,eth,2020-04-25T00:00:00.000000000Z,385847,164.69185220379617,187.621841320865,792299
309,eth,2020-04-26T00:00:00.000000000Z,397842,166.43739862467612,193.785201928697,801949
310,eth,2020-04-27T00:00:00.000000000Z,390999,162.65936507756516,197.062440268849,841193
311,eth,2020-04-28T00:00:00.000000000Z,404598,161.95566844224328,196.565708679135,838453
312,eth,2020-04-29T00:00:00.000000000Z,427482,169.03498017236572,197.466412565751,897881
313,eth,2020-04-30T00:00:00.000000000Z,417656,168.11177100132153,215.38395207481,899459
314,eth,2020-05-01T00:00:00.000000000Z,404034,173.80591974765522,206.88486528346,827138
315,eth,2020-05-02T00:00:00.000000000Z,398595,174.5739749766364,212.713617767387,765990
316,eth,2020-05-03T00:00:00.000000000Z,401201,169.40632773348221,214.133870601987,789689
317,eth,2020-05-04T00:00:00.000000000Z,362848,177.11790235376117,210.090575306838,774035
318,eth,2020-05-05T00:00:00.000000000Z,366254,177.28440913864412,206.961926592636,785518
319,eth,2020-05-06T00:00:00.000000000Z,384165,170.23847517587444,204.885417007598,833506
320,eth,2020-05-07T00:00:00.000000000Z,401731,167.64927364266126,202.736075569842,877129
321,eth,2020-05-08T00:00:00.000000000Z,407113,170.74502605168846,212.990972822911,887756
322,eth,2020-05-09T00:00:00.000000000Z,412090,170.0086600021664,212.413128872005,894382
323,eth,2020-05-10T00:00:00.000000000Z,415159,168.2658290759286,210.774871127995,879153
324,eth,2020-05-11T00:00:00.000000000Z,414250,168.770405377724,187.542486849795,887554
325,eth,2020-05-12T00:00:00.000000000Z,378729,167.8998741736004,185.715372296902,880678
326,eth,2020-05-13T00:00:00.000000000Z,365732,168.823605580735,189.818459438925,856962
327,eth,2020-05-14T00:00:00.000000000Z,364002,170.58626948958022,199.938022559907,820300
328,eth,2020-05-15T00:00:00.000000000Z,377934,173.12759885071657,203.532877030976,888691
329,eth,2020-05-16T00:00:00.000000000Z,375179,168.64995357874224,195.121980303916,875030
330,eth,2020-05-17T00:00:00.000000000Z,375674,174.2151373074945,200.819766218586,808464
331,eth,2020-05-18T00:00:00.000000000Z,381426,168.48022859333832,207.07257685564,857645
332,eth,2020-05-19T00:00:00.000000000Z,402897,165.82247423672754,214.748162478083,848038
333,eth,2020-05-20T00:00:00.000000000Z,385900,171.70918381149735,213.820466744594,855377
334,eth,2020-05-21T00:00:00.000000000Z,399759,167.2472528844572,209.804793103448,867704
335,eth,2020-05-22T00:00:00.000000000Z,413266,166.03769929651463,198.91755698422,916282
336,eth,2020-05-23T00:00:00.000000000Z,403516,171.50083375914065,207.063677673875,868425
337,eth,2020-05-24T00:00:00.000000000Z,366826,171.01350547090203,206.906197253068,825755
338,eth,2020-05-25T00:00:00.000000000Z,384146,166.6339861858707,202.376306370544,875607
339,eth,2020-05-26T00:00:00.000000000Z,399709,168.0776187427333,204.292245002922,916975
340,eth,2020-05-27T00:00:00.000000000Z,375085,171.2053487369747,200.86048918761,896217
341,eth,2020-05-28T00:00:00.000000000Z,405928,167.76804428825997,207.498003798948,907265
342,eth,2020-05-29T00:00:00.000000000Z,448382,169.45112006125808,219.378571011105,949269
343,eth,2020-05-30T00:00:00.000000000Z,420854,171.4737272051859,220.784826300409,881950
344,eth,2020-05-31T00:00:00.000000000Z,411586,174.49326219589636,243.572401285798,850103
345,eth,2020-06-01T00:00:00.000000000Z,418707,170.32021536791683,231.444047457627,929874
346,eth,2020-06-02T00:00:00.000000000Z,459219,172.57260572796883,249.07495295149,980902
347,eth,2020-06-03T00:00:00.000000000Z,418567,174.64762402062448,237.179632554062,898364
348,eth,2020-06-04T00:00:00.000000000Z,464243,176.13032262474647,243.934139450614,930407
349,eth,2020-06-05T00:00:00.000000000Z,562284,173.87103198729002,243.647765984804,901995
350,eth,2020-06-06T00:00:00.000000000Z,453437,174.33574058672218,240.312976037405,946196
351,eth,2020-06-07T00:00:00.000000000Z,395673,177.08347825855404,242.019700292227,943786
352,eth,2020-06-08T00:00:00.000000000Z,440239,173.12979615950113,244.384643483343,966206
353,eth,2020-06-09T00:00:00.000000000Z,436143,171.4122545693382,245.968303565167,923075
354,eth,2020-06-10T00:00:00.000000000Z,402483,167.95710719039997,244.326140970193,939890
355,eth,2020-06-11T00:00:00.000000000Z,409839,170.5491683955288,247.704879544126,925331
356,eth,2020-06-12T00:00:00.000000000Z,448201,171.35109771500024,230.904400935126,889318
357,eth,2020-06-13T00:00:00.000000000Z,443429,172.12047410140278,237.162442723554,833267
358,eth,2020-06-14T00:00:00.000000000Z,411985,173.7742701059941,238.090407890123,785017
359,eth,2020-06-15T00:00:00.000000000Z,442189,172.21252562065925,232.137277089421,912281
360,eth,2020-06-16T00:00:00.000000000Z,429484,175.25853005274976,231.19783974284,904928
361,eth,2020-06-17T00:00:00.000000000Z,396283,170.95404438905265,235.136621215663,879736
362,eth,2020-06-18T00:00:00.000000000Z,469733,171.4697772429162,233.687851022794,913845
363,eth,2020-06-19T00:00:00.000000000Z,457647,175.46195806051563,231.331098889538,945942
364,eth,2020-06-20T00:00:00.000000000Z,496236,176.51893192227465,228.77822402104,941415
365,eth,2020-06-21T00:00:00.000000000Z,470005,176.66595205402214,228.919830800701,987058
366,eth,2020-06-22T00:00:00.000000000Z,447809,173.25885281878277,227.579033606078,1092083
367,eth,2020-06-23T00:00:00.000000000Z,489995,175.27291229437392,243.220758153127,1119442
368,eth,2020-06-24T00:00:00.000000000Z,485760,177.3170336821354,242.92121899474,1070862
369,eth,2020-06-25T00:00:00.000000000Z,498356,179.695032213632,234.823753360608,1041742
370,eth,2020-06-26T00:00:00.000000000Z,503748,179.60227374700204,232.421420689655,1017505
371,eth,2020-06-27T00:00:00.000000000Z,489823,175.87602679986156,229.694167387493,1017138
372,eth,2020-06-28T00:00:00.000000000Z,513042,176.75212597337523,220.699442022209,997731
373,eth,2020-06-29T00:00:00.000000000Z,545051,177.38632038340322,224.443460666277,1056189
374,eth,2020-06-30T00:00:00.000000000Z,512942,176.8980437100665,228.02034137931,1111318
375,eth,2020-07-01T00:00:00.000000000Z,504674,173.44626538694467,225.722754821742,1044438
376,eth,2020-07-02T00:00:00.000000000Z,542715,175.81327891201693,231.145918468732,1039119
377,eth,2020-07-03T00:00:00.000000000Z,506616,178.56798440696005,226.701505376973,1022098
378,eth,2020-07-04T00:00:00.000000000Z,530885,179.13646387417194,225.098854763296,946287
379,eth,2020-07-05T00:00:00.000000000Z,564010,178.72115839072123,228.866272063121,880075
380,eth,2020-07-06T00:00:00.000000000Z,521875,178.71677224297574,227.667268264173,1020012
381,eth,2020-07-07T00:00:00.000000000Z,548179,176.634510847078,241.179081239042,1064506
382,eth,2020-07-08T00:00:00.000000000Z,515130,182.84979376145932,239.013429573349,1092210
383,eth,2020-07-09T00:00:00.000000000Z,511545,178.87159721781512,246.8441157218,1070343
384,eth,2020-07-10T00:00:00.000000000Z,506070,177.39802270143872,241.651818585622,1034806
385,eth,2020-07-11T00:00:00.000000000Z,569659,181.24783370725658,241.033700116891,982930
386,eth,2020-07-12T00:00:00.000000000Z,567829,182.1373925602798,239.307040619521,997960
387,eth,2020-07-13T00:00:00.000000000Z,529772,183.72034987853067,241.309591174752,1151834
388,eth,2020-07-14T00:00:00.000000000Z,520157,178.60539382453632,239.326373816482,1098661
389,eth,2020-07-15T00:00:00.000000000Z,520924,178.43128630754782,240.638817942724,1111360
390,eth,2020-07-16T00:00:00.000000000Z,447490,179.39507068446244,238.38143962595,1068620
391,eth,2020-07-17T00:00:00.000000000Z,475009,176.39966455990043,233.549674108708,1078101
392,eth,2020-07-18T00:00:00.000000000Z,447224,181.4487828448269,232.845427235535,1071509
393,eth,2020-07-19T00:00:00.000000000Z,462835,181.08110270606915,235.909914962011,1082448
394,eth,2020-07-20T00:00:00.000000000Z,478223,176.0879374469346,239.358145821157,1143700
395,eth,2020-07-21T00:00:00.000000000Z,440067,170.02352431956223,236.361256282876,1120095
396,eth,2020-07-22T00:00:00.000000000Z,470998,170.2742400357223,245.250595441262,1138040
397,eth,2020-07-23T00:00:00.000000000Z,491363,178.13778028448468,264.199169491525,1147143
398,eth,2020-07-24T00:00:00.000000000Z,487996,184.56845417503638,275.223812536528,1146282
399,eth,2020-07-25T00:00:00.000000000Z,510336,175.33053581298014,279.907534424313,1175506
400,eth,2020-07-26T00:00:00.000000000Z,519206,182.58811939334777,305.402152542373,1137893
401,eth,2020-07-27T00:00:00.000000000Z,551497,182.84418488181785,311.039973524255,1261456
402,eth,2020-07-28T00:00:00.000000000Z,596151,188.27354390273234,323.233886908241,1222353
403,eth,2020-07-29T00:00:00.000000000Z,523675,190.9668062283111,318.015537200468,1163851
404,eth,2020-07-30T00:00:00.000000000Z,521352,184.50159745671417,318.025945938048,1164479
405,eth,2020-07-31T00:00:00.000000000Z,550668,179.70081675877327,335.964082875511,1218838
406,eth,2020-08-01T00:00:00.000000000Z,562801,183.94336474413097,346.179992285213,1171566
407,eth,2020-08-02T00:00:00.000000000Z,626146,188.81583798265345,387.185885447107,1125886
408,eth,2020-08-03T00:00:00.000000000Z,575598,181.99957546744523,372.180671654004,1176793
409,eth,2020-08-04T00:00:00.000000000Z,594577,182.63491322366957,385.487812390415,1164208
410,eth,2020-08-05T00:00:00.000000000Z,611242,183.37181716611778,390.662864699006,1182699
411,eth,2020-08-06T00:00:00.000000000Z,582260,184.96116562441796,400.601196084161,1215885
412,eth,2020-08-07T00:00:00.000000000Z,529429,188.87751163014832,393.995932495617,1249695
413,eth,2020-08-08T00:00:00.000000000Z,532607,190.13862682369975,380.330053886616,1182406
414,eth,2020-08-09T00:00:00.000000000Z,493476,195.9098647921996,392.360176504968,1229151
415,eth,2020-08-10T00:00:00.000000000Z,500790,193.06357478510412,389.183157393337,1289980
416,eth,2020-08-11T00:00:00.000000000Z,473147,189.73166461606175,395.407852425482,1254244
417,eth,2020-08-12T00:00:00.000000000Z,440096,193.05400092378724,379.111338983051,1229214
418,eth,2020-08-13T00:00:00.000000000Z,486979,193.71423309695643,387.208174751607,1209139
419,eth,2020-08-14T00:00:00.000000000Z,520788,201.44745820973841,424.799460081823,1201546
420,eth,2020-08-15T00:00:00.000000000Z,600612,204.619147332941,438.076865575687,1107833
421,eth,2020-08-16T00:00:00.000000000Z,549697,200.01694012482824,432.609198421976,1152369
422,eth,2020-08-17T00:00:00.000000000Z,526760,191.21291409839972,432.939172822911,1181976
423,eth,2020-08-18T00:00:00.000000000Z,467068,188.16489982234762,432.841464172998,1229256
424,eth,2020-08-19T00:00:00.000000000Z,474989,195.77432455615346,423.346332086499,1216891
425,eth,2020-08-20T00:00:00.000000000Z,467326,201.16589763878875,406.879427819988,1182994
426,eth,2020-08-21T00:00:00.000000000Z,492967,205.03079058290993,416.25978755114,1256752
427,eth,2020-08-22T00:00:00.000000000Z,555166,202.28237805482553,387.2406050263,1102479
428,eth,2020-08-23T00:00:00.000000000Z,582203,207.74954641498417,395.912521332554,1122524
429,eth,2020-08-24T00:00:00.000000000Z,489798,205.6877789742228,391.947607364115,1162182
430,eth,2020-08-25T00:00:00.000000000Z,509157,205.30595095813413,408.792199473992,1138199
431,eth,2020-08-26T00:00:00.000000000Z,516867,208.0350149708945,383.604969725307,1166218
432,eth,2020-08-27T00:00:00.000000000Z,538449,204.9690658518776,386.34381735827,1136576
433,eth,2020-08-28T00:00:00.000000000Z,510764,210.2355439104336,382.349150496785,1131912
434,eth,2020-08-29T00:00:00.000000000Z,453869,203.510340236621,395.03972980713,1130992
435,eth,2020-08-30T00:00:00.000000000Z,390040,207.55357289073808,400.368165575687,1142415
436,eth,2020-08-31T00:00:00.000000000Z,412302,208.64035593733288,428.196437931035,1235856
437,eth,2020-09-01T00:00:00.000000000Z,434255,217.6173021166301,436.09076943308,1245701
438,eth,2020-09-02T00:00:00.000000000Z,405978,216.10356127482896,480.749175862069,1181212
439,eth,2020-09-03T00:00:00.000000000Z,410463,211.80189640926906,441.214134132087,1149636
440,eth,2020-09-04T00:00:00.000000000Z,476106,221.7025985776624,383.542584979544,1141207
441,eth,2020-09-05T00:00:00.000000000Z,403351,223.23492133271287,386.66907597896,1040906
442,eth,2020-09-06T00:00:00.000000000Z,544008,229.69374293814167,331.420088544711,1026667
443,eth,2020-09-07T00:00:00.000000000Z,470998,229.52987085631386,353.227129573349,1051480
444,eth,2020-09-08T00:00:00.000000000Z,520483,227.83893752336405,352.806469023963,1026700
445,eth,2020-09-09T00:00:00.000000000Z,406766,226.03667615313276,336.716558094682,1052603
446,eth,2020-09-10T00:00:00.000000000Z,365959,222.08210521475962,352.053948568089,1120964
447,eth,2020-09-11T00:00:00.000000000Z,356479,230.95981903552087,367.380867621274,1074413
448,eth,2020-09-12T00:00:00.000000000Z,405023,234.80000044834924,373.966615780245,1034584
449,eth,2020-09-13T00:00:00.000000000Z,418818,234.5942256745953,386.216055055523,1042047
450,eth,2020-09-14T00:00:00.000000000Z,384998,230.72550007306248,365.641607831677,1079688
451,eth,2020-09-15T00:00:00.000000000Z,408754,235.558672964714,375.801003682057,1089837
452,eth,2020-09-16T00:00:00.000000000Z,391793,229.13030606199996,363.936595733489,1035013
453,eth,2020-09-17T00:00:00.000000000Z,499706,241.10160074539638,365.322076212741,1406016
454,eth,2020-09-18T00:00:00.000000000Z,480140,232.4474425804824,389.446111046172,1244808
455,eth,2020-09-19T00:00:00.000000000Z,481384,236.94297489824018,382.261676271186,1090001
456,eth,2020-09-20T00:00:00.000000000Z,465984,240.7001708780312,385.246569666861,1095309
457,eth,2020-09-21T00:00:00.000000000Z,486381,242.98879995015324,371.207025715956,1133662
458,eth,2020-09-22T00:00:00.000000000Z,431660,237.26965378995112,342.456390473407,1081497
459,eth,2020-09-23T00:00:00.000000000Z,454852,243.04360561618722,343.503662536528,1084100
460,eth,2020-09-24T00:00:00.000000000Z,487588,236.04455941570885,320.588590882525,1087537
461,eth,2020-09-25T00:00:00.000000000Z,455205,235.44787823451009,349.144016014027,1034790
462,eth,2020-09-26T00:00:00.000000000Z,491205,241.82076562692146,351.713962361192,984559
463,eth,2020-09-27T00:00:00.000000000Z,488227,241.24051206281504,354.601045762712,966479
464,eth,2020-09-28T00:00:00.000000000Z,434364,240.42054358349102,356.121992752776,1080187
465,eth,2020-09-29T00:00:00.000000000Z,429114,240.32884969341913,355.45993395675,1088234
466,eth,2020-09-30T00:00:00.000000000Z,412900,242.09937172621372,359.701439801286,1079040
467,eth,2020-10-01T00:00:00.000000000Z,447266,242.7533534366962,359.976752483928,1018741
468,eth,2020-10-02T00:00:00.000000000Z,458931,241.8719507610286,352.360856049094,1002138
469,eth,2020-10-03T00:00:00.000000000Z,470605,237.19204601426128,345.801279485681,956528
470,eth,2020-10-04T00:00:00.000000000Z,472428,239.9958183136524,346.652968907072,985452
471,eth,2020-10-05T00:00:00.000000000Z,406952,243.26676636556314,352.339400233781,1027690
472,eth,2020-10-06T00:00:00.000000000Z,423241,254.35984485274375,353.191780187025,1083502
473,eth,2020-10-07T00:00:00.000000000Z,428105,247.6359695008338,340.10351987142,1035384
474,eth,2020-10-08T00:00:00.000000000Z,430143,240.71905279075696,341.159963997662,1019446
475,eth,2020-10-09T00:00:00.000000000Z,463202,244.6840508295402,350.527496376388,1049571
476,eth,2020-10-10T00:00:00.000000000Z,472917,251.32471004132188,366.247890999416,1036351
477,eth,2020-10-11T00:00:00.000000000Z,567079,248.9964989147222,371.282805143191,1004701
478,eth,2020-10-12T00:00:00.000000000Z,496784,246.4604100278159,374.145406195207,1092162
479,eth,2020-10-13T00:00:00.000000000Z,507728,252.65637650260393,387.670968731736,1127396
480,eth,2020-10-14T00:00:00.000000000Z,499024,248.2699799534331,381.544274576271,1093927
481,eth,2020-10-15T00:00:00.000000000Z,622855,253.9438853859088,378.828993045003,1249576
482,eth,2020-10-16T00:00:00.000000000Z,649222,251.16530731650295,377.502910286382,1161135
483,eth,2020-10-17T00:00:00.000000000Z,654595,252.08340502748734,366.299949853887,1051772
484,eth,2020-10-18T00:00:00.000000000Z,622632,243.03767123836835,368.318269374635,995711
485,eth,2020-10-19T00:00:00.000000000Z,490775,253.9720183508807,377.921652425482,1128930
486,eth,2020-10-20T00:00:00.000000000Z,484476,252.04320175111,379.463028462887,1105678
487,eth,2020-10-21T00:00:00.000000000Z,499062,251.4135466181574,368.843862653419,1159354
488,eth,2020-10-22T00:00:00.000000000Z,519373,252.3512105013941,392.473164231444,1189043
489,eth,2020-10-23T00:00:00.000000000Z,518375,253.54518665726889,414.43640578609,1132837
490,eth,2020-10-24T00:00:00.000000000Z,603627,258.58222880728414,409.339998597312,1012156
491,eth,2020-10-25T00:00:00.000000000Z,586099,251.9477115989693,412.26885710111,965206
492,eth,2020-10-26T00:00:00.000000000Z,491011,243.2075086910853,406.742800642899,1086139
493,eth,2020-10-27T00:00:00.000000000Z,516481,249.47103949951187,394.010756575102,1078466
494,eth,2020-10-28T00:00:00.000000000Z,485592,252.161114425219,404.045446814728,1139608
495,eth,2020-10-29T00:00:00.000000000Z,437339,257.13338959598946,388.90336364699,1107849
496,eth,2020-10-30T00:00:00.000000000Z,487850,251.8763409866588,386.788421098773,1111013
497,eth,2020-10-31T00:00:00.000000000Z,523774,253.0692847879435,383.596369959088,1089587
498,eth,2020-11-01T00:00:00.000000000Z,524955,255.98133033822558,386.585236119229,1050753
499,eth,2020-11-02T00:00:00.000000000Z,489991,246.65331693456648,395.57778264173,1156870
500,eth,2020-11-03T00:00:00.000000000Z,507085,252.69929407,383.848317066043,1119359
501,eth,2020-11-04T00:00:00.000000000Z,625419,252.34510458,388.548199707773,1137324
502,eth,2020-11-05T00:00:00.000000000Z,502128,249.02893918,401.795613851549,1128431
503,eth,2020-11-06T00:00:00.000000000Z,573232,256.77604922,416.997354646406,1171971
504,eth,2020-11-07T00:00:00.000000000Z,545032,258.65249604,456.447880888369,1131722
505,eth,2020-11-08T00:00:00.000000000Z,607371,250.57368795,436.772112857978,1016465
506,eth,2020-11-09T00:00:00.000000000Z,545082,253.08562419,455.375729865576,1147695
507,eth,2020-11-10T00:00:00.000000000Z,491180,252.6086322,444.547999707773,1157455
508,eth,2020-11-11T00:00:00.000000000Z,646367,257.23844957,451.501640619521,1096582
509,eth,2020-11-12T00:00:00.000000000Z,588103,253.26671408,464.215942489772,1099253
510,eth,2020-11-13T00:00:00.000000000Z,523034,259.00859394,462.866499824664,1156377
511,eth,2020-11-14T00:00:00.000000000Z,572107,253.89554599,476.571340970193,1067063
512,eth,2020-11-15T00:00:00.000000000Z,504327,261.53086331,462.551458796026,1037428
513,eth,2020-11-16T00:00:00.000000000Z,497314,252.24402969,449.345643600234,1105512
514,eth,2020-11-17T00:00:00.000000000Z,517582,257.83446929,462.254731618936,1173012
515,eth,2020-11-18T00:00:00.000000000Z,500099,255.29764643,482.6950050263,1120798
516,eth,2020-11-19T00:00:00.000000000Z,498682,262.94938377,479.49180666277,1122748
517,eth,2020-11-20T00:00:00.000000000Z,529365,262.03876882,471.150023378141,1162871
518,eth,2020-11-21T00:00:00.000000000Z,577881,265.81210134,509.562977206312,1172183
519,eth,2020-11-22T00:00:00.000000000Z,557067,267.85670925,547.353480420807,1148006
520,eth,2020-11-23T00:00:00.000000000Z,557131,255.47108376,565.131060900058,1213632
521,eth,2020-11-24T00:00:00.000000000Z,544793,267.13978331,607.214118644068,1240072
522,eth,2020-11-25T00:00:00.000000000Z,545213,266.38071542,604.573530742256,1205924
523,eth,2020-11-26T00:00:00.000000000Z,551486,266.14541055,568.247356282876,1173330
524,eth,2020-11-27T00:00:00.000000000Z,559050,264.17947875,518.39735622443,1102889
525,eth,2020-11-28T00:00:00.000000000Z,689375,264.7296573,517.041817182934,992335
526,eth,2020-11-29T00:00:00.000000000Z,739327,272.50980956,540.829210052601,993930
527,eth,2020-11-30T00:00:00.000000000Z,527321,274.97592699,574.873555230859,1183915
528,eth,2020-12-01T00:00:00.000000000Z,559564,278.58826337,613.469492402104,1172361
529,eth,2020-12-02T00:00:00.000000000Z,464131,262.36959659,588.251555230859,1071389
530,eth,2020-12-03T00:00:00.000000000Z,498903,274.12485568,598.926409818819,1114178
531,eth,2020-12-04T00:00:00.000000000Z,491692,271.39519665,617.554270017534,1134337
532,eth,2020-12-05T00:00:00.000000000Z,562799,271.83577592,572.177176271186,1055722
533,eth,2020-12-06T00:00:00.000000000Z,505086,275.49842036,594.915695499708,1034515
534,eth,2020-12-07T00:00:00.000000000Z,504152,271.23585798,602.246776738749,1102501
535,eth,2020-12-08T00:00:00.000000000Z,498285,273.03896433,591.820095265926,1149816
536,eth,2020-12-09T00:00:00.000000000Z,496565,277.747662,554.318545295149,1150822
537,eth,2020-12-10T00:00:00.000000000Z,462934,274.5947981,574.214072355348,1092429
538,eth,2020-12-11T00:00:00.000000000Z,483189,267.45531192,560.450316890707,1122160
539,eth,2020-12-12T00:00:00.000000000Z,509468,270.36022117,545.483657510228,1092064
540,eth,2020-12-13T00:00:00.000000000Z,569270,275.08386802,568.545423261251,1142703
541,eth,2020-12-14T00:00:00.000000000Z,541545,265.93253758,590.522730625365,1241593
542,eth,2020-12-15T00:00:00.000000000Z,526599,267.98998758,586.470181297487,1215285
543,eth,2020-12-16T00:00:00.000000000Z,570129,269.28169617,589.000816832262,1261767
544,eth,2020-12-17T00:00:00.000000000Z,633044,271.28676723,636.205011104617,1342281
545,eth,2020-12-18T00:00:00.000000000Z,554504,272.90333489,642.788150204559,1193950
546,eth,2020-12-19T00:00:00.000000000Z,546564,269.42008856,652.01013056692,1162872
547,eth,2020-12-20T00:00:00.000000000Z,487968,274.24863511,659.714045002922,1074305
548,eth,2020-12-21T00:00:00.000000000Z,487201,276.80569449,638.561923436587,1146949
549,eth,2020-12-22T00:00:00.000000000Z,479420,276.05741972,612.546497369959,1147101
550,eth,2020-12-23T00:00:00.000000000Z,536115,282.24510795,634.17585622443,1254308
551,eth,2020-12-24T00:00:00.000000000Z,525234,275.9379285,588.508848042081,1142743
552,eth,2020-12-25T00:00:00.000000000Z,475861,268.84057805,611.893571595558,1140417
553,eth,2020-12-26T00:00:00.000000000Z,465782,278.42205189,625.840292518995,1139562
554,eth,2020-12-27T00:00:00.000000000Z,508702,275.00484262,635.806854120397,1177372
555,eth,2020-12-28T00:00:00.000000000Z,545718,289.037066,688.480685447107,1256783
556,eth,2020-12-29T00:00:00.000000000Z,520345,280.75428734,730.518296902396,1206703
557,eth,2020-12-30T00:00:00.000000000Z,522935,278.02170104,731.936295733489,1227653
558,eth,2020-12-31T00:00:00.000000000Z,489924,281.36748495,751.208063705435,1163876
559,eth,2021-01-01T00:00:00.000000000Z,511250,282.58949242,739.025849853887,1136712
560,eth,2021-01-02T00:00:00.000000000Z,516268,294.23280443,730.91432063121,1170839
561,eth,2021-01-03T00:00:00.000000000Z,584367,290.29336504,775.296622443016,1234419
562,eth,2021-01-04T00:00:00.000000000Z,624273,291.35660991,990.365324956166,1275169
563,eth,2021-01-05T00:00:00.000000000Z,592340,292.14770591,1030.31844886032,1258441
564,eth,2021-01-06T00:00:00.000000000Z,616836,293.76521286,1101.55981414378,1280434
565,eth,2021-01-07T00:00:00.000000000Z,659444,294.10535417,1199.35239976622,1298568
566,eth,2021-01-08T00:00:00.000000000Z,626952,302.33023725,1220.21421332554,1288953
567,eth,2021-01-09T00:00:00.000000000Z,613021,298.73984832,1219.88072121566,1231759
568,eth,2021-01-10T00:00:00.000000000Z,617780,305.52889392,1286.97022314436,1210603
569,eth,2021-01-11T00:00:00.000000000Z,640858,307.71293418,1265.43626750438,1280285
570,eth,2021-01-12T00:00:00.000000000Z,561907,310.90847903,1082.905685564,1165508
571,eth,2021-01-13T00:00:00.000000000Z,545700,312.07371192,1038.8394176505,1126532
572,eth,2021-01-14T00:00:00.000000000Z,570542,312.61845221,1127.92676271186,1184604
573,eth,2021-01-15T00:00:00.000000000Z,586641,313.02080852,1212.61922150789,1227187
574,eth,2021-01-16T00:00:00.000000000Z,575783,318.33597411,1167.64685096435,1193339
575,eth,2021-01-17T00:00:00.000000000Z,549860,309.41312267,1231.50994839275,1133096
576,eth,2021-01-18T00:00:00.000000000Z,557612,313.11891087,1242.04924137931,1217953
577,eth,2021-01-19T00:00:00.000000000Z,602799,316.70360384,1252.15644476914,1252236
578,eth,2021-01-20T00:00:00.000000000Z,567023,325.20304347,1386.08540385739,1213930
579,eth,2021-01-21T00:00:00.000000000Z,542409,319.22183685,1367.82303974284,1178190
580,eth,2021-01-22T00:00:00.000000000Z,534147,321.73992008,1132.69443191116,1182794
581,eth,2021-01-23T00:00:00.000000000Z,514786,329.09237149,1235.37204792519,1140666
582,eth,2021-01-24T00:00:00.000000000Z,516253,328.46416288,1232.76174810053,1117744
583,eth,2021-01-25T00:00:00.000000000Z,546624,334.48094959,1387.23029631794,1207263
584,eth,2021-01-26T00:00:00.000000000Z,562311,334.64095461,1325.60759380479,1194595
585,eth,2021-01-27T00:00:00.000000000Z,503736,342.21467102,1361.84900292227,1140980
586,eth,2021-01-28T00:00:00.000000000Z,555693,337.00542938,1245.93815055523,1190834
587,eth,2021-01-29T00:00:00.000000000Z,630359,331.54549206,1341.7747030976,1293963
588,eth,2021-01-30T00:00:00.000000000Z,604318,329.13450327,1383.40889538282,1218241
589,eth,2021-01-31T00:00:00.000000000Z,572249,341.82472789,1379.86854237288,1244924
590,eth,2021-02-01T00:00:00.000000000Z,578791,346.6046925,1317.346364173,1300451
591,eth,2021-02-02T00:00:00.000000000Z,607597,346.37354967,1369.95499357101,1302891
592,eth,2021-02-03T00:00:00.000000000Z,632493,342.32680463,1524.16825189947,1314906
593,eth,2021-02-04T00:00:00.000000000Z,637964,350.26535737,1659.52005435418,1309863
594,eth,2021-02-05T00:00:00.000000000Z,610442,351.10251709,1608.39752355348,1316904
595,eth,2021-02-06T00:00:00.000000000Z,632419,353.87958645,1720.47846616014,1227828
596,eth,2021-02-07T00:00:00.000000000Z,619186,365.97835371,1683.70779380479,1230638
597,eth,2021-02-08T00:00:00.000000000Z,629676,363.476337,1616.04266183518,1275739
598,eth,2021-02-09T00:00:00.000000000Z,604814,361.14660378,1743.54479135009,1327544
599,eth,2021-02-10T00:00:00.000000000Z,616673,363.30355939,1770.83282057276,1320357
600,eth,2021-02-11T00:00:00.000000000Z,613894,369.09787868,1748.21180596143,1270521
601,eth,2021-02-12T00:00:00.000000000Z,596108,377.5389341,1785.58308942139,1290300
602,eth,2021-02-13T00:00:00.000000000Z,565120,370.9207678,1846.45420058445,1252364
603,eth,2021-02-14T00:00:00.000000000Z,556676,381.12508595,1819.41280268849,1206665
604,eth,2021-02-15T00:00:00.000000000Z,572155,380.10819866,1811.5666792519,1210500
605,eth,2021-02-16T00:00:00.000000000Z,570877,380.64221443,1787.53062191701,1217916
606,eth,2021-02-17T00:00:00.000000000Z,585027,386.37331265,1780.61989596727,1258503
607,eth,2021-02-18T00:00:00.000000000Z,602485,377.56549184,1845.23994155465,1298425
608,eth,2021-02-19T00:00:00.000000000Z,629683,390.9955527,1932.41152659264,1323618
609,eth,2021-02-20T00:00:00.000000000Z,644880,385.63647675,1961.02429018118,1337507
610,eth,2021-02-21T00:00:00.000000000Z,605781,376.44332108,1912.80253489188,1233518
611,eth,2021-02-22T00:00:00.000000000Z,623584,393.79219533,1933.88384745763,1312178
612,eth,2021-02-23T00:00:00.000000000Z,629862,389.5195393,1771.20859848042,1302882
613,eth,2021-02-24T00:00:00.000000000Z,626252,397.80849506,1563.04562419638,1285208
614,eth,2021-02-25T00:00:00.000000000Z,618961,396.04577815,1616.56383693746,1232758
615,eth,2021-02-26T00:00:00.000000000Z,606678,398.27026159,1491.46385715956,1236241
616,eth,2021-02-27T00:00:00.000000000Z,568481,400.64260867,1442.30312273524,1202432
617,eth,2021-02-28T00:00:00.000000000Z,582699,399.78778377,1454.03216890707,1179859
618,eth,2021-03-01T00:00:00.000000000Z,580615,402.19354337,1425.38586674459,1185925
619,eth,2021-03-02T00:00:00.000000000Z,597128,404.50981154,1563.23598036236,1240182
620,eth,2021-03-03T00:00:00.000000000Z,560868,390.21922623,1489.87889421391,1235048
621,eth,2021-03-04T00:00:00.000000000Z,599915,393.35136653,1584.06700526008,1234903
622,eth,2021-03-05T00:00:00.000000000Z,524802,406.7887091,1538.02277644652,1208640
623,eth,2021-03-06T00:00:00.000000000Z,541924,419.19281406,1530.84029181765,1160519
624,eth,2021-03-07T00:00:00.000000000Z,501185,413.71881057,1659.83834599649,1180104
625,eth,2021-03-08T00:00:00.000000000Z,535335,414.69534379,1719.16063705435,1216417
626,eth,2021-03-09T00:00:00.000000000Z,576354,408.20398785,1826.12504734074,1275347
627,eth,2021-03-10T00:00:00.000000000Z,584652,413.19591931,1862.02863687902,1256065
628,eth,2021-03-11T00:00:00.000000000Z,625273,410.04184477,1803.4244905903,1284767
629,eth,2021-03-12T00:00:00.000000000Z,593965,406.01973454,1827.71346113384,1325679
630,eth,2021-03-13T00:00:00.000000000Z,592726,416.56167914,1768.50364453536,1293352
631,eth,2021-03-14T00:00:00.000000000Z,588107,424.3435589,1927.20756627703,1277890
632,eth,2021-03-15T00:00:00.000000000Z,594607,419.39736655,1874.14906195208,1321388
633,eth,2021-03-16T00:00:00.000000000Z,589999,428.0423862,1796.90510976037,1308992
634,eth,2021-03-17T00:00:00.000000000Z,570729,430.27462401,1796.95172822911,1272298
635,eth,2021-03-18T00:00:00.000000000Z,595484,425.92958927,1818.86739976622,1299760
636,eth,2021-03-19T00:00:00.000000000Z,596157,433.08878609,1781.64520666277,1291231
637,eth,2021-03-20T00:00:00.000000000Z,580711,443.41544638,1810.37383459965,1262309
638,eth,2021-03-21T00:00:00.000000000Z,588077,437.12551252,1812.74496884863,1206064
639,eth,2021-03-22T00:00:00.000000000Z,571996,433.83155339,1784.72563880771,1307460
640,eth,2021-03-23T00:00:00.000000000Z,602865,438.25751763,1689.11376779661,1298959
641,eth,2021-03-24T00:00:00.000000000Z,600217,435.96084497,1671.75213500877,1309468
642,eth,2021-03-25T00:00:00.000000000Z,633758,446.99377994,1586.88241320865,1349663
643,eth,2021-03-26T00:00:00.000000000Z,585052,457.8712416,1588.93212396259,1265836
644,eth,2021-03-27T00:00:00.000000000Z,587024,453.05299075,1695.66907773232,1230764
645,eth,2021-03-28T00:00:00.000000000Z,574675,456.8606684,1718.1190917592,1211918
646,eth,2021-03-29T00:00:00.000000000Z,577924,465.36069058,1685.16250900058,1269901
647,eth,2021-03-30T00:00:00.000000000Z,576687,464.73297163,1811.1432226768,1300973
648,eth,2021-03-31T00:00:00.000000000Z,607390,460.94919808,1840.87399678551,1354603
649,eth,2021-04-01T00:00:00.000000000Z,652694,468.39945627,1916.88001928697,1368006
650,eth,2021-04-02T00:00:00.000000000Z,660375,469.77835637,1971.24078258329,1358619
651,eth,2021-04-03T00:00:00.000000000Z,602032,472.51462173,2134.06883985973,1293333
652,eth,2021-04-04T00:00:00.000000000Z,600579,483.42363867,2025.14887843366,1197875
653,eth,2021-04-05T00:00:00.000000000Z,617293,492.8833312,2077.39558153127,1296946
654,eth,2021-04-06T00:00:00.000000000Z,621029,485.31986605,2099.52728872005,1335799
655,eth,2021-04-07T00:00:00.000000000Z,615252,498.88470787,2116.90126201052,1312638
656,eth,2021-04-08T00:00:00.000000000Z,625726,495.23828243,1985.39789129164,1284449
657,eth,2021-04-09T00:00:00.000000000Z,607159,491.754257,2078.55003594389,1300882
658,eth,2021-04-10T00:00:00.000000000Z,688534,498.24735293,2066.05360420807,1315016
659,eth,2021-04-11T00:00:00.000000000Z,649887,489.6763015,2130.18779029807,1256904
660,eth,2021-04-12T00:00:00.000000000Z,649920,516.42576558,2144.37211630625,1347983
661,eth,2021-04-13T00:00:00.000000000Z,641476,512.91157886,2142.82890011689,1350467
662,eth,2021-04-14T00:00:00.000000000Z,662089,511.04272052,2297.89169135009,1386341
663,eth,2021-04-15T00:00:00.000000000Z,605799,513.49266402,2430.29892869667,1197340
664,eth,2021-04-16T00:00:00.000000000Z,681905,491.60603111,2519.58225540619,1426977
665,eth,2021-04-17T00:00:00.000000000Z,692901,499.80973283,2428.35284687317,1453000
666,eth,2021-04-18T00:00:00.000000000Z,673448,507.62730894,2342.16061426067,1396766
667,eth,2021-04-19T00:00:00.000000000Z,716119,488.51134247,2243.48254529515,1476842
668,eth,2021-04-20T00:00:00.000000000Z,767283,507.70983399,2168.6250818235,1555560
669,eth,2021-04-21T00:00:00.000000000Z,771703,517.42785482,2328.50510870836,1565355
670,eth,2021-04-22T00:00:00.000000000Z,768202,513.73913411,2363.99523424898,1577266
671,eth,2021-04-23T00:00:00.000000000Z,755129,514.73035113,2419.70522676797,1537100
672,eth,2021-04-24T00:00:00.000000000Z,900893,517.11741368,2357.12506639392,1389103
673,eth,2021-04-25T00:00:00.000000000Z,905234,534.19451859,2236.58652717709,1389350
674,eth,2021-04-26T00:00:00.000000000Z,748796,537.08753362,2300.55654880187,1448466
675,eth,2021-04-27T00:00:00.000000000Z,766759,533.76416906,2526.05887901812,1448293
676,eth,2021-04-28T00:00:00.000000000Z,736099,545.75144934,2646.34933898305,1517604
677,eth,2021-04-29T00:00:00.000000000Z,734353,544.58643431,2740.23064289889,1530717
678,eth,2021-04-30T00:00:00.000000000Z,720859,542.41825376,2760.50726008182,1441230
679,eth,2021-05-01T00:00:00.000000000Z,808667,545.67770939,2770.29005821157,1427568
680,eth,2021-05-02T00:00:00.000000000Z,772483,544.03453728,2949.31864056107,1417458
681,eth,2021-05-03T00:00:00.000000000Z,773107,547.76410227,2952.47679661017,1488804
682,eth,2021-05-04T00:00:00.000000000Z,786367,563.20951663,3430.64827410871,1536119
683,eth,2021-05-05T00:00:00.000000000Z,789933,557.79848389,3274.89152846289,1518877
684,eth,2021-05-06T00:00:00.000000000Z,773968,570.10566701,3525.92409964933,1532197
685,eth,2021-05-07T00:00:00.000000000Z,756547,553.89241209,3500.54310403273,1527890
686,eth,2021-05-08T00:00:00.000000000Z,847017,567.8605115,3482.63239333723,1710882
687,eth,2021-05-09T00:00:00.000000000Z,894748,576.39783778,3886.76699649328,1716600
688,eth,2021-05-10T00:00:00.000000000Z,857448,575.90845624,3916.08141320865,1716489
689,eth,2021-05-11T00:00:00.000000000Z,868387,575.69888958,3954.28315780245,1716051
690,eth,2021-05-12T00:00:00.000000000Z,842506,576.52929334,4155.77199766219,1624077
691,eth,2021-05-13T00:00:00.000000000Z,883375,589.01110849,3975.50227118644,1588560
692,eth,2021-05-14T00:00:00.000000000Z,809164,591.25717482,3687.15909000585,1531689
693,eth,2021-05-15T00:00:00.000000000Z,771604,583.08935831,4086.70976446523,1472680
694,eth,2021-05-16T00:00:00.000000000Z,749768,601.33712435,3672.60174400935,1425115
695,eth,2021-05-17T00:00:00.000000000Z,729765,583.56577362,3565.84300116891,1446627
696,eth,2021-05-18T00:00:00.000000000Z,690475,598.86246674,3280.03027819988,1425053
697,eth,2021-05-19T00:00:00.000000000Z,795909,601.04117361,3368.23962887201,1461174
698,eth,2021-05-20T00:00:00.000000000Z,766729,610.97949292,2535.73623553478,1459146
699,eth,2021-05-21T00:00:00.000000000Z,700299,592.28389924,2777.92518293396,1367394
700,eth,2021-05-22T00:00:00.000000000Z,689227,591.81029567,2413.98438398597,1283663
701,eth,2021-05-23T00:00:00.000000000Z,753755,585.791697,2320.84220163647,1264253
702,eth,2021-05-24T00:00:00.000000000Z,696056,581.80271206,2105.59847983635,1312739
703,eth,2021-05-25T00:00:00.000000000Z,655006,579.44268645,2626.16846405611,1289446
704,eth,2021-05-26T00:00:00.000000000Z,687683,579.36632379,2696.5863798948,1326432
705,eth,2021-05-27T00:00:00.000000000Z,723157,573.5019441,2868.71953185272,1291385
706,eth,2021-05-28T00:00:00.000000000Z,646541,571.24641438,2743.10334950321,1305078
707,eth,2021-05-29T00:00:00.000000000Z,798571,567.54361217,2415.30300233781,1293425
708,eth,2021-05-30T00:00:00.000000000Z,736524,574.04441024,2288.85813150205,1280282
709,eth,2021-05-31T00:00:00.000000000Z,736541,569.66749498,2391.71209117475,1297889
710,eth,2021-06-01T00:00:00.000000000Z,680280,560.15974214,2699.21445762712,1274354
711,eth,2021-06-02T00:00:00.000000000Z,650349,570.47279616,2626.20154821742,1314178
712,eth,2021-06-03T00:00:00.000000000Z,687298,569.889071,2713.1598679135,1337711
713,eth,2021-06-04T00:00:00.000000000Z,713691,584.27111373,2858.60099824664,1301803
714,eth,2021-06-05T00:00:00.000000000Z,829614,585.2283072,2689.27742548217,1176676
715,eth,2021-06-06T00:00:00.000000000Z,809211,591.30271978,2604.97053763881,1134526
716,eth,2021-06-07T00:00:00.000000000Z,657176,587.58137089,2706.09854120397,1225549
717,eth,2021-06-08T00:00:00.000000000Z,616660,591.80990732,2600.15911221508,1221063
718,eth,2021-06-09T00:00:00.000000000Z,627838,580.11494615,2519.05763530099,1194275
719,eth,2021-06-10T00:00:00.000000000Z,656459,568.36394644,2605.63110461718,1188556
720,eth,2021-06-11T00:00:00.000000000Z,614211,568.9893852,2481.38075686733,1183286
721,eth,2021-06-12T00:00:00.000000000Z,692247,558.30088567,2345.03141963764,1131777
722,eth,2021-06-13T00:00:00.000000000Z,673559,553.99026151,2380.84033372297,1124736
723,eth,2021-06-14T00:00:00.000000000Z,633811,546.0858312,2504.64639216832,1188556
724,eth,2021-06-15T00:00:00.000000000Z,626558,567.10531909,2577.04473863238,1224101
725,eth,2021-06-16T00:00:00.000000000Z,589164,549.94703156,2552.74103641146,1201109
726,eth,2021-06-17T00:00:00.000000000Z,585530,548.34712391,2360.99938690824,1218956
727,eth,2021-06-18T00:00:00.000000000Z,576902,556.41927259,2368.38859555815,1170182
728,eth,2021-06-19T00:00:00.000000000Z,578685,533.78682894,2224.57531969608,1050189
729,eth,2021-06-20T00:00:00.000000000Z,641786,525.11271324,2174.75470251315,1057288
730,eth,2021-06-21T00:00:00.000000000Z,643760,499.6580036,2242.66345575687,1209567
731,eth,2021-06-22T00:00:00.000000000Z,665961,489.14823162,1900.39307790766,1297644
732,eth,2021-06-23T00:00:00.000000000Z,629109,474.12820997,1867.62379953244,1201974
733,eth,2021-06-24T00:00:00.000000000Z,656611,473.49838372,1962.11004383402,1207012
734,eth,2021-06-25T00:00:00.000000000Z,631565,460.76157875,1986.66540841613,1227331
735,eth,2021-06-26T00:00:00.000000000Z,683140,455.393707,1817.84698246639,1150460
736,eth,2021-06-27T00:00:00.000000000Z,709963,457.54877461,1801.97627527762,1104703
737,eth,2021-06-28T00:00:00.000000000Z,821105,465.30245476,1964.52191887785,1404100
738,eth,2021-06-29T00:00:00.000000000Z,677340,470.0425922,2079.27833594389,1264320
739,eth,2021-06-30T00:00:00.000000000Z,625497,474.99389036,2169.99023261251,1212214
740,eth,2021-07-01T00:00:00.000000000Z,616892,465.61288425,2272.2690578609,1211710
741,eth,2021-07-02T00:00:00.000000000Z,631727,473.34686128,2114.55608357686,1181574
742,eth,2021-07-03T00:00:00.000000000Z,656263,473.45519569,2149.99972472238,1122543
743,eth,2021-07-04T00:00:00.000000000Z,655655,477.37462352,2215.90323232028,1105343
744,eth,2021-07-05T00:00:00.000000000Z,620458,481.4229478,2325.91749795441,1147895
745,eth,2021-07-06T00:00:00.000000000Z,584335,487.57895658,2218.63208416131,1355421
746,eth,2021-07-07T00:00:00.000000000Z,589986,482.91835394,2318.10661835184,1290979
747,eth,2021-07-08T00:00:00.000000000Z,590368,487.56276291,2317.0795447107,1262627
748,eth,2021-07-09T00:00:00.000000000Z,595204,485.36205694,2118.9243308007,1223691
749,eth,2021-07-10T00:00:00.000000000Z,546313,503.73763316,2153.77373816482,1139265
750,eth,2021-07-11T00:00:00.000000000Z,579907,499.34302636,2117.0639672706,1101766
751,eth,2021-07-12T00:00:00.000000000Z,552707,503.391952,2140.19288661601,1191465
752,eth,2021-07-13T00:00:00.000000000Z,566015,481.60088277,2033.03133489188,1183412
753,eth,2021-07-14T00:00:00.000000000Z,590372,482.51914724,1939.6402729398,1223130
754,eth,2021-07-15T00:00:00.000000000Z,604456,490.93858506,1992.4420251315,1259972
755,eth,2021-07-16T00:00:00.000000000Z,570153,489.19602304,1912.8743012858,1199018
756,eth,2021-07-17T00:00:00.000000000Z,548368,497.74808552,1878.1075873758,1164624
757,eth,2021-07-18T00:00:00.000000000Z,535035,490.54088322,1896.9661233197,1168843
758,eth,2021-07-19T00:00:00.000000000Z,583929,502.50447416,1892.68808708358,1195218
759,eth,2021-07-20T00:00:00.000000000Z,588417,493.70017267,1822.20903623612,1192750
760,eth,2021-07-21T00:00:00.000000000Z,602196,500.87783137,1785.33395441262,1195171
761,eth,2021-07-22T00:00:00.000000000Z,592395,504.3762887,1985.49203565167,1202844
762,eth,2021-07-23T00:00:00.000000000Z,614920,506.06843366,2020.92230333139,1203397
763,eth,2021-07-24T00:00:00.000000000Z,629545,515.90896832,2112.71626434833,1225509
764,eth,2021-07-25T00:00:00.000000000Z,568298,522.79066736,2179.33793220339,1128848
765,eth,2021-07-26T00:00:00.000000000Z,653888,524.60245119,2187.44493687902,1260619
766,eth,2021-07-27T00:00:00.000000000Z,734086,519.82143182,2241.15922676797,1318124
767,eth,2021-07-28T00:00:00.000000000Z,693819,527.42252225,2286.22890005845,1300283
768,eth,2021-07-29T00:00:00.000000000Z,630678,532.02012647,2297.03134436002,1259128
769,eth,2021-07-30T00:00:00.000000000Z,627398,509.8591546,2384.45420572764,1242337
770,eth,2021-07-31T00:00:00.000000000Z,617087,529.37283424,2451.30431092928,1212322
771,eth,2021-08-01T00:00:00.000000000Z,611381,537.36099018,2544.37537592051,1190618
772,eth,2021-08-02T00:00:00.000000000Z,648782,548.16618575,2563.73753068381,1269470
773,eth,2021-08-03T00:00:00.000000000Z,599206,557.91061356,2619.04099941555,1219663
774,eth,2021-08-04T00:00:00.000000000Z,605815,562.14842353,2512.91529164231,1223841
775,eth,2021-08-05T00:00:00.000000000Z,527821,559.77945196,2727.93425365284,1159663
776,eth,2021-08-06T00:00:00.000000000Z,528549,557.20641127,2825.53530894214,1212021
777,eth,2021-08-07T00:00:00.000000000Z,515005,569.54874832,2888.0342554062,1198433
778,eth,2021-08-08T00:00:00.000000000Z,528092,565.46606747,3143.38030099357,1184278
779,eth,2021-08-09T00:00:00.000000000Z,515126,580.355844,3027.3480818235,1218594
780,eth,2021-08-10T00:00:00.000000000Z,521467,592.19049828,3158.26921624781,1212289
781,eth,2021-08-11T00:00:00.000000000Z,524068,571.47635849,3141.72382559907,1234409
782,eth,2021-08-12T00:00:00.000000000Z,527453,584.0450149,3168.56298947984,1195283
783,eth,2021-08-13T00:00:00.000000000Z,522903,580.96802428,3038.06152659264,1197050
784,eth,2021-08-14T00:00:00.000000000Z,500098,581.7362593,3316.4789421391,1159942
785,eth,2021-08-15T00:00:00.000000000Z,490026,574.88219793,3268.96369590883,1125295
786,eth,2021-08-16T00:00:00.000000000Z,542707,574.40654714,3310.72739333723,1253968
787,eth,2021-08-17T00:00:00.000000000Z,530632,584.27777246,3157.77383635301,1252163
788,eth,2021-08-18T00:00:00.000000000Z,513850,586.10723788,3020.57140093513,1201544
789,eth,2021-08-19T00:00:00.000000000Z,563049,608.04220711,3041.32005961426,1255453
790,eth,2021-08-20T00:00:00.000000000Z,562207,591.32415491,3173.97182279369,1260054
791,eth,2021-08-21T00:00:00.000000000Z,529227,604.92089289,3278.21872413793,1186758
792,eth,2021-08-22T00:00:00.000000000Z,512239,610.21120469,3234.70727819988,1183893
793,eth,2021-08-23T00:00:00.000000000Z,538782,592.14325137,3245.89347866745,1245624
794,eth,2021-08-24T00:00:00.000000000Z,521034,611.96923478,3322.63785096435,1247051
795,eth,2021-08-25T00:00:00.000000000Z,499357,613.05550585,3183.60909175921,1184780
796,eth,2021-08-26T00:00:00.000000000Z,498866,622.93130127,3228.70326125073,1175063
797,eth,2021-08-27T00:00:00.000000000Z,484938,617.00127733,3120.59653535944,1119072
798,eth,2021-08-28T00:00:00.000000000Z,507969,613.39126262,3270.01309877265,1131721
799,eth,2021-08-29T00:00:00.000000000Z,492973,616.15282191,3242.67174956166,1147150
800,eth,2021-08-30T00:00:00.000000000Z,518591,624.94848896,3230.91460140269,1198993
801,eth,2021-08-31T00:00:00.000000000Z,552052,629.38279391,3238.36036382233,1206314
802,eth,2021-09-01T00:00:00.000000000Z,557665,621.08112636,3431.94775306838,1225104
803,eth,2021-09-02T00:00:00.000000000Z,567055,645.24872426,3793.82968188194,1261258
804,eth,2021-09-03T00:00:00.000000000Z,512274,644.51431772,3791.89593600234,1198777
805,eth,2021-09-04T00:00:00.000000000Z,520029,635.21745594,3918.58263822326,1189085
806,eth,2021-09-05T00:00:00.000000000Z,497386,657.68332572,3886.23001350088,1136467
807,eth,2021-09-06T00:00:00.000000000Z,526972,653.4995611,3954.61792343659,1206493
808,eth,2021-09-07T00:00:00.000000000Z,558575,649.69806443,3928.83401098773,1308071
809,eth,2021-09-08T00:00:00.000000000Z,525185,663.41796321,3432.84963062537,1178449
810,eth,2021-09-09T00:00:00.000000000Z,531349,656.77756895,3507.77644915254,1219850
811,eth,2021-09-10T00:00:00.000000000Z,570844,661.12653219,3432.86342255991,1244706
812,eth,2021-09-11T00:00:00.000000000Z,627703,660.9197379,3204.17646580947,1249438
813,eth,2021-09-12T00:00:00.000000000Z,571553,685.32696129,3259.20964196376,1211328
814,eth,2021-09-13T00:00:00.000000000Z,631801,662.72345439,3417.71937288136,1267491
815,eth,2021-09-14T00:00:00.000000000Z,582577,664.22840541,3289.54985417884,1231240
816,eth,2021-09-15T00:00:00.000000000Z,573832,666.94772189,3419.67508416131,1207590
817,eth,2021-09-16T00:00:00.000000000Z,548934,670.75885515,3591.05804003507,1224358
818,eth,2021-09-17T00:00:00.000000000Z,524420,668.66864727,3567.72092518995,1187578
819,eth,2021-09-18T00:00:00.000000000Z,536379,676.84854273,3396.52101694915,1143196
820,eth,2021-09-19T00:00:00.000000000Z,516798,682.54025828,3425.02434453536,1128226
821,eth,2021-09-20T00:00:00.000000000Z,495260,673.05643376,3319.99040093513,1174559
822,eth,2021-09-21T00:00:00.000000000Z,524491,695.33636642,2965.36816510812,1193295
823,eth,2021-09-22T00:00:00.000000000Z,534706,679.18551976,2745.84817299825,1174030
824,eth,2021-09-23T00:00:00.000000000Z,534322,664.17170231,3063.72133167738,1193053
825,eth,2021-09-24T00:00:00.000000000Z,506370,677.39975757,3147.4950742256,1152685
826,eth,2021-09-25T00:00:00.000000000Z,520156,702.09894058,2932.5593233197,1121078
827,eth,2021-09-26T00:00:00.000000000Z,473720,685.91621004,2932.4982798948,1088537
828,eth,2021-09-27T00:00:00.000000000Z,502883,684.82752287,3048.59561689071,1133903
829,eth,2021-09-28T00:00:00.000000000Z,495483,667.99768554,2952.49630537697,1108122
830,eth,2021-09-29T00:00:00.000000000Z,507213,675.22022307,2815.59470835769,1135869
831,eth,2021-09-30T00:00:00.000000000Z,499027,668.16047219,2843.27176943308,1116157
832,eth,2021-10-01T00:00:00.000000000Z,571555,692.38911387,3001.52751344243,1207263
833,eth,2021-10-02T00:00:00.000000000Z,520148,692.04368983,3299.44177030976,1117899
834,eth,2021-10-03T00:00:00.000000000Z,522883,684.14867917,3393.85702828755,1130224
835,eth,2021-10-04T00:00:00.000000000Z,495269,682.03275013,3420.43901578025,1121513
836,eth,2021-10-05T00:00:00.000000000Z,562664,708.08033808,3391.62332057276,1235674
837,eth,2021-10-06T00:00:00.000000000Z,663598,704.55694326,3520.41445382817,1337833
838,eth,2021-10-07T00:00:00.000000000Z,629638,695.55547067,3588.43408123904,1344295
839,eth,2021-10-08T00:00:00.000000000Z,600444,715.0596911,3589.30707393337,1287034
840,eth,2021-10-09T00:00:00.000000000Z,585764,696.05321649,3561.09410490941,1191856
841,eth,2021-10-10T00:00:00.000000000Z,537498,696.12741645,3579.87203652835,1137901
842,eth,2021-10-11T00:00:00.000000000Z,538819,712.49820582,3432.00171537113,1183486
843,eth,2021-10-12T00:00:00.000000000Z,546485,711.48755171,3519.56701022794,1203566
844,eth,2021-10-13T00:00:00.000000000Z,531986,712.9539847,3491.26025043834,1189854
845,eth,2021-10-14T00:00:00.000000000Z,554284,706.33627429,3597.56289830509,1227097
846,eth,2021-10-15T00:00:00.000000000Z,556422,687.933483,3786.54223734658,1302993
847,eth,2021-10-16T00:00:00.000000000Z,583224,710.65410336,3861.71246171829,1181031
848,eth,2021-10-17T00:00:00.000000000Z,551919,706.25029157,3836.76805020456,1144184
849,eth,2021-10-18T00:00:00.000000000Z,571995,702.90465355,3836.39770426651,1197673
850,eth,2021-10-19T00:00:00.000000000Z,590942,712.14999622,3746.06606575102,1243503
851,eth,2021-10-20T00:00:00.000000000Z,617868,713.76282852,3875.04413851549,1259885
852,eth,2021-10-21T00:00:00.000000000Z,614827,730.61111076,4153.38661163063,1277275
853,eth,2021-10-22T00:00:00.000000000Z,599969,732.07071635,4065.16743161894,1256044
854,eth,2021-10-23T00:00:00.000000000Z,613429,720.77594237,3975.54315663355,1235169
855,eth,2021-10-24T00:00:00.000000000Z,597173,730.33535578,4159.57953886616,1261312
856,eth,2021-10-25T00:00:00.000000000Z,601354,749.3959974,4076.59357364115,1299495
857,eth,2021-10-26T00:00:00.000000000Z,611278,756.15449269,4214.41058854471,1344772
858,eth,2021-10-27T00:00:00.000000000Z,619065,750.00487029,4130.63251782583,1370504
859,eth,2021-10-28T00:00:00.000000000Z,692895,741.93167717,3947.62192840444,1510502
860,eth,2021-10-29T00:00:00.000000000Z,711170,742.27757393,4278.7702685564,1456333
861,eth,2021-10-30T00:00:00.000000000Z,659890,751.81633267,4413.18682086499,1379095
862,eth,2021-10-31T00:00:00.000000000Z,627758,735.31291263,4311.34383021625,1304184
863,eth,2021-11-01T00:00:00.000000000Z,659286,767.43389627,4293.96550701344,1341733
864,eth,2021-11-02T00:00:00.000000000Z,676773,763.59836086,4325.78806049094,1395656
865,eth,2021-11-03T00:00:00.000000000Z,698046,775.136689,4586.37950379895,1417221
866,eth,2021-11-04T00:00:00.000000000Z,667720,746.22924384,4598.85212857978,1352186
867,eth,2021-11-05T00:00:00.000000000Z,653773,770.16116096,4535.60184395091,1339661
868,eth,2021-11-06T00:00:00.000000000Z,626350,761.41216993,4476.89731385155,1255921
869,eth,2021-11-07T00:00:00.000000000Z,635935,787.11561944,4511.6425622443,1276998
870,eth,2021-11-08T00:00:00.000000000Z,652986,784.66536053,4609.29109146698,1329018
871,eth,2021-11-09T00:00:00.000000000Z,615664,802.75596317,4811.1564628872,1334145
872,eth,2021-11-10T00:00:00.000000000Z,667074,783.44811405,4735.69674663939,1390746
873,eth,2021-11-11T00:00:00.000000000Z,648382,809.72841584,4619.95512857978,1347643
874,eth,2021-11-12T00:00:00.000000000Z,643078,812.83697937,4727.74631618936,1345131
875,eth,2021-11-13T00:00:00.000000000Z,645915,819.9010352,4662.76119988311,1300464
876,eth,2021-11-14T00:00:00.000000000Z,643454,807.09309723,4644.9424868498,1275744
877,eth,2021-11-15T00:00:00.000000000Z,606036,817.73984917,4609.51656691993,1289636
878,eth,2021-11-16T00:00:00.000000000Z,609879,793.79405394,4569.40776972531,1310153
879,eth,2021-11-17T00:00:00.000000000Z,695412,830.25923999,4234.13146493279,1353219
880,eth,2021-11-18T00:00:00.000000000Z,591159,851.15596207,4265.59900555231,1284250
881,eth,2021-11-19T00:00:00.000000000Z,609855,801.63245419,3985.67437317358,1255788
882,eth,2021-11-20T00:00:00.000000000Z,557040,799.0175263,4291.28635008767,1160128
883,eth,2021-11-21T00:00:00.000000000Z,607664,791.23388645,4413.14425073057,1260939
884,eth,2021-11-22T00:00:00.000000000Z,546021,819.06209864,4310.08043366452,1221508
885,eth,2021-11-23T00:00:00.000000000Z,580961,819.71873645,4096.77240122735,1264994
886,eth,2021-11-24T00:00:00.000000000Z,603667,821.17758027,4348.15622793688,1342491
887,eth,2021-11-25T00:00:00.000000000Z,593204,789.62552039,4261.96911367621,1301578
888,eth,2021-11-26T00:00:00.000000000Z,600397,764.70493879,4526.04295119813,1297524
889,eth,2021-11-27T00:00:00.000000000Z,550278,800.24407431,4052.00856838106,1213284
890,eth,2021-11-28T00:00:00.000000000Z,527847,804.13955195,4086.92330187025,1135653
891,eth,2021-11-29T00:00:00.000000000Z,600953,804.25214878,4291.07917124489,1247688
892,eth,2021-11-30T00:00:00.000000000Z,626327,805.52292046,4448.40999064874,1280926
893,eth,2021-12-01T00:00:00.000000000Z,580964,822.61331708,4645.05362711864,1221643
894,eth,2021-12-02T00:00:00.000000000Z,608130,840.85565386,4584.53445119813,1265286
895,eth,2021-12-03T00:00:00.000000000Z,565387,836.89363037,4527.54475686733,1211488
896,eth,2021-12-04T00:00:00.000000000Z,552443,825.62201743,4232.93315078901,1235697
897,eth,2021-12-05T00:00:00.000000000Z,827717,842.52067474,4097.76126125073,1386491
898,eth,2021-12-06T00:00:00.000000000Z,590753,856.4230764,4190.58069286967,1244773
899,eth,2021-12-07T00:00:00.000000000Z,596212,865.00050521,4341.94102104033,1224771
900,eth,2021-12-08T00:00:00.000000000Z,646034,857.07238664,4303.76265166569,1296307
901,eth,2021-12-09T00:00:00.000000000Z,607680,857.21103959,4427.31263383986,1251338
902,eth,2021-12-10T00:00:00.000000000Z,615403,843.26399509,4157.28748042081,1237735
903,eth,2021-12-11T00:00:00.000000000Z,580530,841.27429711,3931.61310549386,1199384
904,eth,2021-12-12T00:00:00.000000000Z,597667,849.29052498,4079.58498480421,1181898
905,eth,2021-12-13T00:00:00.000000000Z,610120,877.48609403,4140.98769053185,1242978
906,eth,2021-12-14T00:00:00.000000000Z,617852,878.31691499,3788.08233664524,1214900
907,eth,2021-12-15T00:00:00.000000000Z,607024,878.53150381,3850.76330829924,1258462
908,eth,2021-12-16T00:00:00.000000000Z,601544,857.22675654,4015.64231209819,1155456
909,eth,2021-12-17T00:00:00.000000000Z,615024,853.83089258,3973.45109526593,1270355
910,eth,2021-12-18T00:00:00.000000000Z,567904,878.11251853,3885.43008158971,1159873
911,eth,2021-12-19T00:00:00.000000000Z,565356,871.98875657,3965.87124079486,1137581
912,eth,2021-12-20T00:00:00.000000000Z,591471,893.19591515,3937.56586236119,1201239
913,eth,2021-12-21T00:00:00.000000000Z,597366,896.54515832,3939.67427615429,1203638
914,eth,2021-12-22T00:00:00.000000000Z,628067,878.04888539,4028.99787901812,1233315
915,eth,2021-12-23T00:00:00.000000000Z,593941,874.30467577,3984.71278784337,1245242
916,eth,2021-12-24T00:00:00.000000000Z,629178,883.51522379,4101.84956078317,1298329
917,eth,2021-12-25T00:00:00.000000000Z,609519,877.03457369,4045.16450350672,1299519
918,eth,2021-12-26T00:00:00.000000000Z,592617,873.41963053,4099.92122180012,1206942
919,eth,2021-12-27T00:00:00.000000000Z,621785,881.86221239,4070.35206282876,1252037
920,eth,2021-12-28T00:00:00.000000000Z,595033,879.63419616,4044.38847749854,1241032
921,eth,2021-12-29T00:00:00.000000000Z,564075,900.1147969,3806.11023553477,1252468
922,eth,2021-12-30T00:00:00.000000000Z,602455,898.40862256,3638.66337872589,1255688
923,eth,2021-12-31T00:00:00.000000000Z,578541,874.05660492,3708.0373351841,1214585
924,eth,2022-01-01T00:00:00.000000000Z,581311,878.57352019,3686.9517918761,1180989
925,eth,2022-01-02T00:00:00.000000000Z,551999,897.88228848,3761.05964026885,1158900
926,eth,2022-01-03T00:00:00.000000000Z,591355,910.62695036,3832.36560987726,1209173
927,eth,2022-01-04T00:00:00.000000000Z,601545,926.98221746,3765.44034950322,1221316
928,eth,2022-01-05T00:00:00.000000000Z,632108,919.10416125,3796.64046078317,1249628
929,eth,2022-01-06T00:00:00.000000000Z,607698,900.61941717,3545.75825844535,1212495
930,eth,2022-01-07T00:00:00.000000000Z,589284,882.70145062,3413.23750263004,1188490
931,eth,2022-01-08T00:00:00.000000000Z,596126,887.19687264,3190.12681209819,1183873
932,eth,2022-01-09T00:00:00.000000000Z,534490,935.49763381,3092.88001665693,1108322
933,eth,2022-01-10T00:00:00.000000000Z,524871,898.78513065,3154.84015575687,1233195
934,eth,2022-01-11T00:00:00.000000000Z,591387,909.60795667,3079.86577586207,1277649
935,eth,2022-01-12T00:00:00.000000000Z,634923,922.91972168,3241.95426534191,1283346
936,eth,2022-01-13T00:00:00.000000000Z,658809,916.09764487,3372.8478100526,1282921
937,eth,2022-01-14T00:00:00.000000000Z,593127,922.35150936,3253.07153477499,1218460
938,eth,2022-01-15T00:00:00.000000000Z,616539,895.90661049,3308.71572647575,1174849
939,eth,2022-01-16T00:00:00.000000000Z,591291,908.71733762,3334.44671624781,1162954
940,eth,2022-01-17T00:00:00.000000000Z,592964,915.91065756,3356.33249970777,1198719
941,eth,2022-01-18T00:00:00.000000000Z,584160,936.98810676,3211.12031502046,1169526
942,eth,2022-01-19T00:00:00.000000000Z,606824,922.74596774,3165.79673085915,1223143
943,eth,2022-01-20T00:00:00.000000000Z,591926,926.6966239,3105.41949795441,1190018
944,eth,2022-01-21T00:00:00.000000000Z,567602,924.98923272,3011.87563880772,1189898
945,eth,2022-01-22T00:00:00.000000000Z,566831,955.02938338,2565.0556484512,1204920
946,eth,2022-01-23T00:00:00.000000000Z,541675,944.65176604,2400.82875043834,1077884
947,eth,2022-01-24T00:00:00.000000000Z,550405,930.51786932,2533.49403682057,1147109
948,eth,2022-01-25T00:00:00.000000000Z,571546,915.15228474,2439.12303068381,1177640
949,eth,2022-01-26T00:00:00.000000000Z,559575,941.73119462,2458.38200011689,1146116
950,eth,2022-01-27T00:00:00.000000000Z,537712,944.61834735,2467.10777206312,1133684
951,eth,2022-01-28T00:00:00.000000000Z,563346,933.87152419,2412.6244704851,1137559
952,eth,2022-01-29T00:00:00.000000000Z,564640,940.42719864,2545.54989713618,1147157
953,eth,2022-01-30T00:00:00.000000000Z,581902,949.00099098,2593.19728784337,1183850
954,eth,2022-01-31T00:00:00.000000000Z,603863,939.43949513,2610.55529894798,1177345
955,eth,2022-02-01T00:00:00.000000000Z,596581,959.27011824,2686.26782933957,1173199
956,eth,2022-02-02T00:00:00.000000000Z,582513,961.59520154,2795.5781528346,1152665
957,eth,2022-02-03T00:00:00.000000000Z,564023,918.09109201,2686.64838047925,1111215
958,eth,2022-02-04T00:00:00.000000000Z,600858,953.41987514,2670.65337931034,1168994
959,eth,2022-02-05T00:00:00.000000000Z,664335,942.83354189,2969.93218322618,1235023
960,eth,2022-02-06T00:00:00.000000000Z,631737,972.29899502,3017.60991642314,1173884
961,eth,2022-02-07T00:00:00.000000000Z,607609,942.63280783,3049.37219111631,1163338
962,eth,2022-02-08T00:00:00.000000000Z,610324,954.69809515,3145.37367592051,1180780
963,eth,2022-02-09T00:00:00.000000000Z,618615,965.11856575,3126.63435172414,1205889
964,eth,2022-02-10T00:00:00.000000000Z,623465,959.09285863,3241.72396054939,1205676
965,eth,2022-02-11T00:00:00.000000000Z,628136,944.45833776,3080.56548188194,1183966
966,eth,2022-02-12T00:00:00.000000000Z,593931,955.30315138,2924.08046814728,1114648
967,eth,2022-02-13T00:00:00.000000000Z,609735,977.74466669,2910.83617533606,1115296
968,eth,2022-02-14T00:00:00.000000000Z,616654,970.12428845,2880.69652571596,1147522
969,eth,2022-02-15T00:00:00.000000000Z,603712,974.91920645,2936.29826037405,1192633
970,eth,2022-02-16T00:00:00.000000000Z,574474,945.64142901,3175.2582150789,1194693
971,eth,2022-02-17T00:00:00.000000000Z,571834,955.37185239,3140.52647866745,1141997
972,eth,2022-02-18T00:00:00.000000000Z,532858,949.46532148,2887.98329310345,1252754
973,eth,2022-02-19T00:00:00.000000000Z,560678,941.99853666,2784.71829456458,1150162
974,eth,2022-02-20T00:00:00.000000000Z,573520,954.43654105,2757.59524547049,1343869
975,eth,2022-02-21T00:00:00.000000000Z,539818,962.42573684,2636.38894248977,1134349
976,eth,2022-02-22T00:00:00.000000000Z,550465,947.31353068,2578.87216978375,1129213
977,eth,2022-02-23T00:00:00.000000000Z,579758,953.20671824,2636.22923874927,1147632
978,eth,2022-02-24T00:00:00.000000000Z,581028,949.23938265,2591.79215108124,1181182
979,eth,2022-02-25T00:00:00.000000000Z,596416,951.99377429,2594.05176271187,1137898
980,eth,2022-02-26T00:00:00.000000000Z,623438,944.92648587,2788.59007977791,1167802
981,eth,2022-02-27T00:00:00.000000000Z,582204,974.53830493,2777.68419199299,1125065
982,eth,2022-02-28T00:00:00.000000000Z,559825,944.97081603,2614.48211922852,1108112
983,eth,2022-03-01T00:00:00.000000000Z,591291,962.67598719,2914.46506487434,1161564
984,eth,2022-03-02T00:00:00.000000000Z,615640,956.47144738,2969.53468030392,1191369
985,eth,2022-03-03T00:00:00.000000000Z,603658,942.25167849,2954.65685739334,1167187
986,eth,2022-03-04T00:00:00.000000000Z,606642,957.33729217,2836.95393191116,1167450
987,eth,2022-03-05T00:00:00.000000000Z,570464,927.84304473,2617.82250379895,1077981
988,eth,2022-03-06T00:00:00.000000000Z,588893,937.48870297,2662.88603331385,1123245
989,eth,2022-03-07T00:00:00.000000000Z,604546,912.29586101,2557.90416393922,1174568
990,eth,2022-03-08T00:00:00.000000000Z,662169,931.8508987,2501.00067124489,1195626
991,eth,2022-03-09T00:00:00.000000000Z,636799,934.71830309,2577.76486323787,1178322
992,eth,2022-03-10T00:00:00.000000000Z,705373,960.99914011,2726.9712761543,1229591
993,eth,2022-03-11T00:00:00.000000000Z,587449,933.63029644,2611.41140765634,1119334
994,eth,2022-03-12T00:00:00.000000000Z,603453,976.76424928,2562.6069748685,1120627
995,eth,2022-03-13T00:00:00.000000000Z,554863,935.0558756,2578.18213267095,1041827
996,eth,2022-03-14T00:00:00.000000000Z,565714,948.50125959,2516.49195207481,1097913
997,eth,2022-03-15T00:00:00.000000000Z,637928,934.92528208,2589.37761689071,1190207
998,eth,2022-03-16T00:00:00.000000000Z,688364,944.46940812,2621.23701899474,1236011
999,eth,2022-03-17T00:00:00.000000000Z,576395,946.34985157,2768.91552717709,1174532
1000,eth,2019-03-18T00:00:00.000000000Z,263811,138.783552148688,138.143052308591,573940
1001,eth,2019-03-19T00:00:00.000000000Z,265142,134.334119500687,137.063216247808,635940
1002,eth,2019-03-20T00:00:00.000000000Z,261950,139.949251297753,137.928077147867,630313
1003,eth,2019-03-21T00:00:00.000000000Z,237078,137.330445396475,138.685892460549,618318
1004,eth,2019-03-22T00:00:00.000000000Z,247350,136.620477212782,134.586574225599,628700
1005,eth,2019-03-23T00:00:00.000000000Z,241066,136.50729163688,135.893367913501,561778
1006,eth,2019-03-24T00:00:00.000000000Z,260748,137.48883997885,136.475040619521,549073
1007,eth,2019-03-25T00:00:00.000000000Z,294083,137.164857296365,135.419440385739,648670
1008,eth,2019-03-26T00:00:00.000000000Z,275745,132.024509057796,133.093157802455,629010
1009,eth,2019-03-27T00:00:00.000000000Z,262880,131.649966595234,133.164339859731,625948
1010,eth,2019-03-28T00:00:00.000000000Z,277318,130.955275938531,139.21530742256,634367
1011,eth,2019-03-29T00:00:00.000000000Z,257930,132.055429092654,137.336611922852,640352
1012,eth,2019-03-30T00:00:00.000000000Z,249624,126.643179448144,142.368977498539,667967
1013,eth,2019-03-31T00:00:00.000000000Z,241677,127.860201133348,142.107745178258,646230
1014,eth,2019-04-01T00:00:00.000000000Z,296278,134.472680655086,141.27678515488,687574
1015,eth,2019-04-02T00:00:00.000000000Z,336880,132.17951090543,141.295688778492,758900
1016,eth,2019-04-03T00:00:00.000000000Z,320514,131.208612949128,165.466880479252,746605
1017,eth,2019-04-04T00:00:00.000000000Z,283098,134.975462595713,160.239572764465,673520
1018,eth,2019-04-05T00:00:00.000000000Z,290567,135.523329039011,157.865736879018,621924
1019,eth,2019-04-06T00:00:00.000000000Z,281955,137.668706044968,165.938985388662,559039
1020,eth,2019-04-07T00:00:00.000000000Z,287126,136.700154497132,165.408794856809,572886
1021,eth,2019-04-08T00:00:00.000000000Z,299606,136.099696882773,174.463659555815,668000
1022,eth,2019-04-09T00:00:00.000000000Z,296515,137.810904609262,180.779501168907,656914
1023,eth,2019-04-10T00:00:00.000000000Z,300565,140.323204447125,175.957886616014,674070
1024,eth,2019-04-11T00:00:00.000000000Z,314322,139.977058473162,177.474878959673,729032
1025,eth,2019-04-12T00:00:00.000000000Z,320739,139.635089377869,165.550361192285,694793
1026,eth,2019-04-13T00:00:00.000000000Z,290028,142.611569200023,164.89181735827,614291
1027,eth,2019-04-14T00:00:00.000000000Z,245862,143.446452506932,164.128659263589,551055
1028,eth,2019-04-15T00:00:00.000000000Z,294905,143.452320108269,168.013099064874,622058
1029,eth,2019-04-16T00:00:00.000000000Z,283757,140.695607545142,160.557473115137,656461
1030,eth,2019-04-17T00:00:00.000000000Z,308498,137.668681769967,166.662340151958,681896
1031,eth,2019-04-18T00:00:00.000000000Z,325334,137.501580136766,166.364139684395,697650
1032,eth,2019-04-19T00:00:00.000000000Z,336310,140.452737448713,173.54595207481,693183
1033,eth,2019-04-20T00:00:00.000000000Z,369030,138.118341364123,173.652783459965,686824
1034,eth,2019-04-21T00:00:00.000000000Z,307683,140.471855072897,173.215369374635,631190
1035,eth,2019-04-22T00:00:00.000000000Z,335022,141.777574958503,169.945601110462,719306
1036,eth,2019-04-23T00:00:00.000000000Z,356264,138.210702704659,171.565414669784,729268
1037,eth,2019-04-24T00:00:00.000000000Z,344470,137.128914601247,170.937409643483,668917
1038,eth,2019-04-25T00:00:00.000000000Z,299191,138.492361933253,165.142114202221,680812
1039,eth,2019-04-26T00:00:00.000000000Z,307928,138.065187452246,152.045494447691,661061
1040,eth,2019-04-27T00:00:00.000000000Z,258512,141.955500472905,152.960927527762,562687
1041,eth,2019-04-28T00:00:00.000000000Z,256712,139.386152643941,155.726733489188,593482
1042,eth,2019-04-29T00:00:00.000000000Z,274907,142.321703343671,153.2518471654,628989
1043,eth,2019-04-30T00:00:00.000000000Z,292816,143.133415898716,152.545208766803,707771
1044,eth,2019-05-01T00:00:00.000000000Z,291650,143.653874849061,159.938501461134,703790
1045,eth,2019-05-02T00:00:00.000000000Z,266188,142.286429090152,158.222859731151,626308
1046,eth,2019-05-03T00:00:00.000000000Z,275199,139.2488162461,159.191619520748,670882
1047,eth,2019-05-04T00:00:00.000000000Z,256938,147.084996276776,164.69545207481,623395
1048,eth,2019-05-05T00:00:00.000000000Z,261416,144.83039135836,162.037265751023,637464
1049,eth,2019-05-06T00:00:00.000000000Z,282859,141.165458195033,161.485596434833,706135
1050,eth,2019-05-07T00:00:00.000000000Z,277792,143.974025254782,172.068616014027,658146
1051,eth,2019-05-08T00:00:00.000000000Z,277410,141.771591655593,170.05011484512,686996
1052,eth,2019-05-09T00:00:00.000000000Z,281070,142.397432377588,169.558764172998,718440
1053,eth,2019-05-10T00:00:00.000000000Z,310015,143.53122276812,170.250314728229,736762
1054,eth,2019-05-11T00:00:00.000000000Z,320467,144.372559651563,172.221821975453,742337
1055,eth,2019-05-12T00:00:00.000000000Z,286729,146.931587422303,199.606514552893,715827
1056,eth,2019-05-13T00:00:00.000000000Z,320643,144.581206677593,187.184103740503,758695
1057,eth,2019-05-14T00:00:00.000000000Z,355627,150.212792057788,195.825203097604,830785
1058,eth,2019-05-15T00:00:00.000000000Z,369579,151.921303353101,218.214805669199,847606
1059,eth,2019-05-16T00:00:00.000000000Z,399571,148.916086181794,249.061431034483,908208
1060,eth,2019-05-17T00:00:00.000000000Z,357861,157.69490404696,263.38047019287,810320
1061,eth,2019-05-18T00:00:00.000000000Z,318252,160.249891007412,242.263793687902,735420
1062,eth,2019-05-19T00:00:00.000000000Z,330704,156.349437723927,234.841279661017,752431
1063,eth,2019-05-20T00:00:00.000000000Z,331537,153.899019878769,261.974045295149,860161
1064,eth,2019-05-21T00:00:00.000000000Z,370207,151.137456258065,252.417419637639,812799
1065,eth,2019-05-22T00:00:00.000000000Z,331007,152.937960345501,256.818162185856,873384
1066,eth,2019-05-23T00:00:00.000000000Z,339775,150.255100959905,244.550514319112,846724
1067,eth,2019-05-24T00:00:00.000000000Z,350611,148.511451263677,245.840384862654,904057
1068,eth,2019-05-25T00:00:00.000000000Z,323361,152.330399192829,248.839252016365,839949
1069,eth,2019-05-26T00:00:00.000000000Z,319134,149.902535033579,251.888460958504,763094
1070,eth,2019-05-27T00:00:00.000000000Z,361711,154.268671994233,268.294339567504,941733
1071,eth,2019-05-28T00:00:00.000000000Z,350001,149.651432266984,272.616331092928,910535
1072,eth,2019-05-29T00:00:00.000000000Z,346909,160.276055143033,271.223498538866,947509
1073,eth,2019-05-30T00:00:00.000000000Z,352640,156.410147858332,269.327810929281,891907
1074,eth,2019-05-31T00:00:00.000000000Z,399069,157.471210812149,254.294201753361,870676
1075,eth,2019-06-01T00:00:00.000000000Z,508448,155.667930399539,266.573922559906,956751
1076,eth,2019-06-02T00:00:00.000000000Z,435046,159.042439370906,265.140144360023,890894
1077,eth,2019-06-03T00:00:00.000000000Z,393251,151.041927679644,269.967041496201,889067
1078,eth,2019-06-04T00:00:00.000000000Z,361274,153.490121628205,251.05775862069,891955
1079,eth,2019-06-05T00:00:00.000000000Z,324986,149.871217826598,239.457040911748,799392
1080,eth,2019-06-06T00:00:00.000000000Z,413745,156.860354589559,246.337600233782,824817
1081,eth,2019-06-07T00:00:00.000000000Z,311139,155.638557707107,247.488754237288,758454
1082,eth,2019-06-08T00:00:00.000000000Z,276543,151.482557850645,250.225909585038,992653
1083,eth,2019-06-09T00:00:00.000000000Z,355087,149.2711756492,244.62647019287,715741
1084,eth,2019-06-10T00:00:00.000000000Z,325166,151.589059137243,231.039578024547,963694
1085,eth,2019-06-11T00:00:00.000000000Z,381772,150.643081945367,246.746325248393,930038
1086,eth,2019-06-12T00:00:00.000000000Z,480717,149.733175597032,245.800910870836,860682
1087,eth,2019-06-13T00:00:00.000000000Z,360497,148.524523625244,259.656640093513,749758
1088,eth,2019-06-14T00:00:00.000000000Z,351579,148.74702118563,255.336300409117,825364
1089,eth,2019-06-15T00:00:00.000000000Z,330124,148.203565424597,264.76342314436,938952
1090,eth,2019-06-16T00:00:00.000000000Z,443504,149.454807814735,269.057187405026,888979
1091,eth,2019-06-17T00:00:00.000000000Z,338539,149.510083331942,269.848518702513,944094
1092,eth,2019-06-18T00:00:00.000000000Z,378719,149.558677886143,273.7140949737,850016
1093,eth,2019-06-19T00:00:00.000000000Z,331466,151.988468454784,263.702251899474,886054
1094,eth,2019-06-20T00:00:00.000000000Z,313165,150.309313399277,268.93683810637,985024
1095,eth,2019-06-21T00:00:00.000000000Z,390272,148.187514486451,272.137500292227,777627
